DRUG_NAME	STRUCT_ID	TARGET_NAME	ACCESSION	ACT_VALUE	ACT_UNIT	ACT_TYPE	ACT_SOURCE	RELATION	ORGANISM	strain_type
aminopterin	21	Dihydrofolate reductase	P00381	8.3		IC50	CHEMBL	=	Lactobacillus casei	acid-fast
aminopterin	21	Dihydrofolate reductase	B0BL08	7.96		IC50	CHEMBL	=	Escherichia coli	gram-negative
fluorouracil	26	Uracil phosphoribosyltransferase	P0A8F0	4.89		Ki	CHEMBL	=	Escherichia coli (strain K12)	gram-negative
azaribine	27	Orotidine 5'-phosphate decarboxylase	O26232	4.96		Ki	CHEMBL	=	Methanothermobacter thermautotrophicus (strain ATCC 29096 / DSM 1053 / JCM 10044 / NBRC 100330 / Delta H)	gram-positive
acarbose	39	Alpha-amylase	P94451	6.47		Ki	CHEMBL	=	Geobacillus stearothermophilus	gram-positive
acetazolamide	56	Carbonic anhydrase	O24855	7.7		Ki	CHEMBL	=	Helicobacter pylori (strain ATCC 700392 / 26695)	gram-negative
acetazolamide	56	Carbonic anhydrase	Q50565	4.92		Ki	CHEMBL	=	Methanothermobacter thermautotrophicus (strain ATCC 29096 / DSM 1053 / JCM 10044 / NBRC 100330 / Delta H)	gram-positive
acetazolamide	56	Probable transmembrane carbonic anhydrase (Carbonate dehydratase) (Carbonic dehydratase); Transmembrane carbonic anhydrase	P96878	7.92		Ki	CHEMBL	=	Mycobacterium tuberculosis (strain ATCC 25618 / H37Rv)	acid-fast
acetazolamide	56	Beta-carbonic anhydrase 1	P9WPJ7	6.6		Ki	CHEMBL	=	Mycobacterium tuberculosis (strain ATCC 25618 / H37Rv)	acid-fast
acetazolamide	56	Carbonic anhydrase 2	P9WPJ9	8.05		Ki	CHEMBL	=	Mycobacterium tuberculosis (strain ATCC 25618 / H37Rv)	acid-fast
acetazolamide	56	Carbonic anhydrase	Q9HVB9	7.12		Ki	CHEMBL	=	Pseudomonas aeruginosa (strain ATCC 15692 / DSM 22644 / CIP 104116 / JCM 14847 / LMG 12228 / 1C / PRS 101 / PAO1)	gram-negative
acetazolamide	56	Carbonic anhydrase, alpha family	Q31FD6	8.37		Ki	CHEMBL	=	Hydrogenovibrio crunogenus (strain XCL-2)	gram-negative
acetazolamide	56	Carbonate dehydratase	B2V8E3	8.35		Ki	CHEMBL	=	Sulfurihydrogenibium sp. (strain YO3AOP1)	gram-negative
acetohydroxamic acid	58	Urease subunit beta	Q0PXQ5	4.76		IC50	CHEMBL	=	Helicobacter pylori	gram-negative
racecadotril	60	Thermolysin	P00800	5.02		IC50	CHEMBL	=	Bacillus thermoproteolyticus	gram-positive
adenosine phosphate	92	Ketopantoate reductase	P0A9J4	2.2		Ki	CHEMBL	=	Escherichia coli (strain K12)	gram-negative
alexidine	113	Beta-lactamase	Q932Y6	5.28		IC50	CHEMBL	=	Pseudomonas aeruginosa	gram-negative
allopurinol	124	Shiga toxin subunit A	Q9FBI2	4.62		IC50	CHEMBL	=	Shigella dysenteriae	gram-negative
aminoquinuride	174	Lethal factor	P15917	6.3		Ki	CHEMBL	=	Bacillus anthracis	gram-positive
aminoquinuride	174	Botulinum neurotoxin type A	P10845	5.14		IC50	CHEMBL	=	Clostridium botulinum	gram-positive
amiodarone	176	Lethal factor	P15917	5.46		IC50	CHEMBL	=	Bacillus anthracis	gram-positive
aztreonam	279	Peptidoglycan synthase FtsI	P0AD68	5.736		IC50	WOMBAT-PK	=	Escherichia coli (strain K12)	gram-negative
aztreonam	279	Penicillin-binding protein 1A	Q07806	5.48		IC50	CHEMBL	=	Pseudomonas aeruginosa (strain ATCC 15692 / PAO1 / 1C / PRS 101 / LMG 12228)	gram-negative
aztreonam	279	Penicillin-binding protein 1A	P02918	5.317		IC50	WOMBAT-PK	=	Escherichia coli (strain K12)	gram-negative
aztreonam	279	Penicillin-binding protein 1B	P02919	4.317		IC50	WOMBAT-PK	=	Escherichia coli (strain K12)	gram-negative
aztreonam	279	Beta-lactamase	A2RP81	5.7		Ki	CHEMBL	=	Citrobacter freundii	gram-negative
aztreonam	279	Beta-lactamase	A4ZYU9	7.49		IC50	CHEMBL	=	Escherichia coli	gram-negative
aztreonam	279	AmpC	Q83TT7	7.22		IC50	CHEMBL	=	Escherichia coli	gram-negative
aztreonam	279	Efflux transporter; SugE	Q3S5C3	8.22		IC50	CHEMBL	=	Salmonella newport	gram-negative
aztreonam	279	Beta-lactamase	Q48435	8.22		IC50	CHEMBL	=	Klebsiella pneumoniae	gram-negative
aztreonam	279	Beta-lactamase	B2ZTR6	8.15		Ki	CHEMBL	=	Acinetobacter baumannii	gram-negative
aztreonam	279	Beta-lactamase	D6NSM8	5.52		Ki	CHEMBL	=	Acinetobacter baumannii	gram-negative
bacitracin	281	Undecaprenyl-diphosphatase	P60932	5.25		IC50	CHEMBL	=	Escherichia coli	gram-negative
benzyl benzoate	335	Beta-lactamase	P00811	4.05		IC50	CHEMBL	=	Escherichia coli (strain K12)	gram-negative
bepridil	342	Lethal factor	P15917	5.32		IC50	CHEMBL	=	Bacillus anthracis	gram-positive
bortezomib	391	Beta-carbonic anhydrase 1	P9WPJ7	5.14		Ki	CHEMBL	=	Mycobacterium tuberculosis (strain ATCC 25618 / H37Rv)	acid-fast
brinzolamide	396	Carbonic anhydrase	O24855	6.68		Ki	CHEMBL	=	Helicobacter pylori (strain ATCC 700392 / 26695)	gram-negative
brinzolamide	396	Probable transmembrane carbonic anhydrase (Carbonate dehydratase) (Carbonic dehydratase); Transmembrane carbonic anhydrase	P96878	6.7		Ki	CHEMBL	=	Mycobacterium tuberculosis (strain ATCC 25618 / H37Rv)	acid-fast
brinzolamide	396	Beta-carbonic anhydrase 1	P9WPJ7	6.08		Ki	CHEMBL	=	Mycobacterium tuberculosis (strain ATCC 25618 / H37Rv)	acid-fast
brinzolamide	396	Carbonic anhydrase 2	P9WPJ9	6.9		Ki	CHEMBL	=	Mycobacterium tuberculosis (strain ATCC 25618 / H37Rv)	acid-fast
brinzolamide	396	Carbonic anhydrase, alpha family	Q31FD6	8.38		Ki	CHEMBL	=	Hydrogenovibrio crunogenus (strain XCL-2)	gram-negative
brinzolamide	396	Carbonate dehydratase	B2V8E3	7.91		Ki	CHEMBL	=	Sulfurihydrogenibium sp. (strain YO3AOP1)	gram-negative
brodimoprim	398	Dihydrofolate reductase	P0ABQ4	8.18		Ki	WOMBAT-PK	=	Escherichia coli (strain K12)	gram-negative
brodimoprim	398	Dihydrofolate reductase	P00381	7.95		Ki	CHEMBL	=	Lactobacillus casei	acid-fast
brodimoprim	398	Dihydrofolate reductase	B0BL08	8.53		IC50	CHEMBL	=	Escherichia coli	gram-negative
brodimoprim	398	Dihydrofolate reductase	Q8Z9J9	8.18		Ki	CHEMBL	=	Salmonella typhi	gram-negative
captopril	484	Succinyl-diaminopimelate desuccinylase	P44514	5.74		Ki	CHEMBL	=	Haemophilus influenzae (strain ATCC 51907 / DSM 11121 / KW20 / Rd)	gram-negative
captopril	484	Beta-lactamase	Q79MP6	5.62		Ki	CHEMBL	=	Pseudomonas aeruginosa	gram-negative
captopril	484	Beta-lactamase II	Q93T40	4.75		Ki	CHEMBL	=	Bacillus anthracis	gram-positive
cefotaxime	546	Peptidoglycan synthase FtsI	P0AD68	6.244		IC50	WOMBAT-PK	=	Escherichia coli (strain K12)	gram-negative
cefotaxime	546	Penicillin-binding protein 1A	P02918	6.512		IC50	WOMBAT-PK	=	Escherichia coli (strain K12)	gram-negative
cefotaxime	546	Penicillin-binding protein 1B	P02919	5.659		IC50	WOMBAT-PK	=	Escherichia coli (strain K12)	gram-negative
cefotaxime	546	Beta-lactamase	B2ZTR6	6.3		Ki	CHEMBL	=	Acinetobacter baumannii	gram-negative
cefotaxime	546	Beta-lactamase	D6NSM8	5.6		Ki	CHEMBL	=	Acinetobacter baumannii	gram-negative
cefotaxime	546	Penicillin-binding protein 2	P0AD65	4.617		IC50	WOMBAT-PK	=	Escherichia coli (strain K12)	gram-negative
cefoxitin	550	Beta-lactamase	A2RP81	6.85		Ki	CHEMBL	=	Citrobacter freundii	gram-negative
cefoxitin	550	Beta-lactamase	B2ZTR6	7.0		Ki	CHEMBL	=	Acinetobacter baumannii	gram-negative
cefoxitin	550	Beta-lactamase	D6NSM8	6.3		Ki	CHEMBL	=	Acinetobacter baumannii	gram-negative
cefsulodin	558	Penicillin-binding protein 1A	P02918	6.522		IC50	WOMBAT-PK	=	Escherichia coli (strain K12)	gram-negative
cefsulodin	558	Penicillin-binding protein 1B	P02919	5.328		IC50	WOMBAT-PK	=	Escherichia coli (strain K12)	gram-negative
ceftazidime	559	Peptidoglycan synthase FtsI	P0AD68	6.261		IC50	WOMBAT-PK	=	Escherichia coli (strain K12)	gram-negative
ceftazidime	559	Penicillin-binding protein 1A	P02918	6.534		IC50	WOMBAT-PK	=	Escherichia coli (strain K12)	gram-negative
ceftazidime	559	Penicillin-binding protein 1B	P02919	4.96		IC50	WOMBAT-PK	=	Escherichia coli (strain K12)	gram-negative
ceftriaxone	564	Peptidoglycan synthase FtsI	P0AD68	6.142		IC50	WOMBAT-PK	=	Escherichia coli (strain K12)	gram-negative
ceftriaxone	564	Penicillin-binding protein 1A	P02918	6.513		IC50	WOMBAT-PK	=	Escherichia coli (strain K12)	gram-negative
ceftriaxone	564	Penicillin-binding protein 1B	P02919	5.744		IC50	WOMBAT-PK	=	Escherichia coli (strain K12)	gram-negative
ceftriaxone	564	Penicillin-binding protein 2	P0AD65	6.213		IC50	WOMBAT-PK	=	Escherichia coli (strain K12)	gram-negative
celecoxib	568	Carbonic anhydrase	Q50565	4.41		Ki	CHEMBL	=	Methanothermobacter thermautotrophicus (strain ATCC 29096 / DSM 1053 / JCM 10044 / NBRC 100330 / Delta H)	gram-positive
celecoxib	568	Probable transmembrane carbonic anhydrase (Carbonate dehydratase) (Carbonic dehydratase); Transmembrane carbonic anhydrase	P96878	5.11		Ki	CHEMBL	=	Mycobacterium tuberculosis (strain ATCC 25618 / H37Rv)	acid-fast
celecoxib	568	Beta-carbonic anhydrase 1	P9WPJ7	4.99		Ki	CHEMBL	=	Mycobacterium tuberculosis (strain ATCC 25618 / H37Rv)	acid-fast
celecoxib	568	Carbonic anhydrase 2	P9WPJ9	6.15		Ki	CHEMBL	=	Mycobacterium tuberculosis (strain ATCC 25618 / H37Rv)	acid-fast
celecoxib	568	Carbonic anhydrase, alpha family	Q31FD6	6.01		Ki	CHEMBL	=	Hydrogenovibrio crunogenus (strain XCL-2)	gram-negative
celecoxib	568	Carbonate dehydratase	B2V8E3	8.16		Ki	CHEMBL	=	Sulfurihydrogenibium sp. (strain YO3AOP1)	gram-negative
chloroxine	611	Botulinum neurotoxin type A	P10845	4.94		IC50	CHEMBL	=	Clostridium botulinum	gram-positive
ciprofloxacin	659	DNA topoisomerase 4 subunit A	P0AFI2	5.602		IC50	WOMBAT-PK	=	Escherichia coli (strain K12)	gram-negative
ciprofloxacin	659	DNA topoisomerase 4 subunit A	Q45066	5.658		IC50	WOMBAT-PK	=	Bacillus subtilis (strain 168)	gram-positive
ciprofloxacin	659	DNA topoisomerase 4 subunit A	P0C1U9	6.0		IC50	WOMBAT-PK	=	Staphylococcus aureus	gram-positive
ciprofloxacin	659	DNA gyrase subunit A	P9WG47	6.2		IC50	WOMBAT-PK	=	Mycobacterium tuberculosis (strain ATCC 25618 / H37Rv)	acid-fast
ciprofloxacin	659	DNA gyrase subunit A	P0AES4	5.75		IC50	WOMBAT-PK	=	Escherichia coli (strain K12)	gram-negative
clavulanic acid	669	Beta-lactamase TEM	P62593	10.187		IC50	WOMBAT-PK	=	Escherichia coli	gram-negative
clavulanic acid	669	Beta-lactamase	P00811	7.82		IC50	CHEMBL	=	Escherichia coli (strain K12)	gram-negative
clavulanic acid	669	Beta-lactamase	Q59401	4.0		IC50	CHEMBL	=	Enterobacter cloacae	gram-negative
clavulanic acid	669	Beta-lactamase SHV-1	P0AD63	7.55		IC50	CHEMBL	=	Escherichia coli	gram-negative
clavulanic acid	669	Beta-lactamase OXA-1	P13661	5.49		IC50	CHEMBL	=	Escherichia coli	gram-negative
clavulanic acid	669	Beta-lactamase	P24735	6.1		IC50	CHEMBL	=	Pseudomonas aeruginosa (strain ATCC 15692 / PAO1 / 1C / PRS 101 / LMG 12228)	gram-negative
clavulanic acid	669	Beta-lactamase	A4KCT8	8.05		IC50	CHEMBL	=	Citrobacter gillenii	gram-negative
clavulanic acid	669	Beta-lactamase	A1E3K9	7.15		IC50	CHEMBL	=	Escherichia coli	gram-negative
clavulanic acid	669	Beta-lactamase	A8RR46	7.07		IC50	CHEMBL	=	Bacillus clausii	gram-positive
clavulanic acid	669	Carbapenem-hydrolizing beta-lactamase SFC-1	Q6JP75	4.14		IC50	CHEMBL	=	Serratia fonticola	gram-negative
clavulanic acid	669	Carbepenem-hydrolyzing beta-lactamase KPC	Q9F663	4.96		Ki	CHEMBL	=	Klebsiella pneumoniae	gram-negative
clavulanic acid	669	Beta-lactamase	A2RP81	7.17		IC50	CHEMBL	=	Citrobacter freundii	gram-negative
clavulanic acid	669	Beta-lactamase	Q9EXV5	8.05		IC50	CHEMBL	=	Escherichia coli	gram-negative
clavulanic acid	669	Beta-lactamase SHV-1	P0AD64	6.77		IC50	CHEMBL	=	Klebsiella pneumoniae	gram-negative
clavulanic acid	669	Beta-lactamase	Q6GWS8	5.07		IC50	CHEMBL	=	Escherichia coli	gram-negative
clavulanic acid	669	Beta-lactamase GES-13	D1MIX9	7.0		IC50	CHEMBL	=	Pseudomonas aeruginosa	gram-negative
clavulanic acid	669	Beta-lactamase	A0ZX81	5.76		IC50	CHEMBL	=	Klebsiella pneumoniae	gram-negative
clavulanic acid	669	Beta-lactamase	Q4TVR4	7.7		IC50	CHEMBL	=	Klebsiella pneumoniae	gram-negative
clavulanic acid	669	Class D beta-lactamase	Q50H31	5.7		IC50	CHEMBL	=	Brachyspira pilosicoli	gram-negative
clavulanic acid	669	Beta-lactamase	Q2XPY6	8.0		IC50	CHEMBL	=	Salmonella enterica subsp. enterica serovar Westhampton	gram-negative
clavulanic acid	669	Beta-lactamase SHV-5	P0A3M1	4.6		Ki	CHEMBL	=	Klebsiella pneumoniae	gram-negative
clavulanic acid	669	Beta-lactamase	D2SSQ3	7.0		IC50	CHEMBL	=	Pseudomonas aeruginosa	gram-negative
clavulanic acid	669	Beta-lactamase	Q3SAW3	7.0		IC50	CHEMBL	=	Pseudomonas aeruginosa	gram-negative
clavulanic acid	669	Beta-lactamase	Q670S6	7.44		IC50	CHEMBL	=	Pseudomonas luteola	gram-negative
clioquinol	681	Botulinum neurotoxin type A	P10845	4.69		IC50	CHEMBL	=	Clostridium botulinum	gram-positive
clodronic acid	690	Type IV secretion-like conjugative transfer relaxase protein TraI	B1LRJ1	8.52		Ki	CHEMBL	=	Escherichia coli	gram-negative
clotrimazole	719	Beta-lactamase	P00811	4.7		IC50	CHEMBL	=	Escherichia coli (strain K12)	gram-negative
cloxacillin	720	Beta-lactamase TEM	P62593	4.89		Ki	CHEMBL	=	Escherichia coli	gram-negative
cloxacillin	720	Beta-lactamase	A4ZYU9	7.59		IC50	CHEMBL	=	Escherichia coli	gram-negative
cloxacillin	720	Efflux transporter; SugE	Q3S5C3	8.4		IC50	CHEMBL	=	Salmonella newport	gram-negative
cloxacillin	720	Beta-lactamase	Q48435	8.4		IC50	CHEMBL	=	Klebsiella pneumoniae	gram-negative
cloxacillin	720	Beta-lactamase TEM	P62594	4.89		Ki	WOMBAT-PK	=	Salmonella typhi	gram-negative
cycloguanil	754	Dihydrofolate reductase	P00381	4.76		Ki	CHEMBL	=	Lactobacillus casei	acid-fast
cycloguanil	754	Dihydrofolate reductase	B0BL08	5.99		Ki	CHEMBL	=	Escherichia coli	gram-negative
dapsone	782	Dihydropteroate synthase 1	P0C0X1	5.9		IC50	WOMBAT-PK	=	Mycobacterium leprae (strain TN)	acid-fast
dasatinib	785	Quinolone resistance protein NorA	P0A0J7	4.94		IC50	CHEMBL	=	Staphylococcus aureus	gram-positive
delavirdine	799	Beta-lactamase	P00811	4.05		IC50	CHEMBL	=	Escherichia coli (strain K12)	gram-negative
dichlorphenamide	864	Carbonic anhydrase	O24855	6.423		Ki	WOMBAT-PK	=	Helicobacter pylori (strain ATCC 700392 / 26695)	gram-negative
dichlorphenamide	864	Beta-carbonic anhydrase 1	P9WPJ7	6.06		Ki	CHEMBL	=	Mycobacterium tuberculosis (strain ATCC 25618 / H37Rv)	acid-fast
dichlorphenamide	864	Carbonic anhydrase 2	P9WPJ9	5.7		Ki	CHEMBL	=	Mycobacterium tuberculosis (strain ATCC 25618 / H37Rv)	acid-fast
dichlorphenamide	864	Carbonic anhydrase, alpha family	Q31FD6	7.61		Ki	CHEMBL	=	Hydrogenovibrio crunogenus (strain XCL-2)	gram-negative
dichlorphenamide	864	Carbonate dehydratase	B2V8E3	8.07		Ki	CHEMBL	=	Sulfurihydrogenibium sp. (strain YO3AOP1)	gram-negative
dicoumarol	867	ATP phosphoribosyltransferase	P9WMN1	4.22		Ki	CHEMBL	=	Mycobacterium tuberculosis (strain ATCC 25618 / H37Rv)	acid-fast
disulfiram	928	Bifunctional protein GlmU	P9WMN3	4.07		IC50	CHEMBL	=	Mycobacterium tuberculosis (strain ATCC 25618 / H37Rv)	acid-fast
dorzolamide	949	Carbonic anhydrase	O24855	5.37		Ki	CHEMBL	=	Helicobacter pylori (strain ATCC 700392 / 26695)	gram-negative
dorzolamide	949	Carbonic anhydrase	Q50565	4.51		Ki	CHEMBL	=	Methanothermobacter thermautotrophicus (strain ATCC 29096 / DSM 1053 / JCM 10044 / NBRC 100330 / Delta H)	gram-positive
dorzolamide	949	Probable transmembrane carbonic anhydrase (Carbonate dehydratase) (Carbonic dehydratase); Transmembrane carbonic anhydrase	P96878	6.86		Ki	CHEMBL	=	Mycobacterium tuberculosis (strain ATCC 25618 / H37Rv)	acid-fast
dorzolamide	949	Beta-carbonic anhydrase 1	P9WPJ7	6.13		Ki	CHEMBL	=	Mycobacterium tuberculosis (strain ATCC 25618 / H37Rv)	acid-fast
dorzolamide	949	Carbonic anhydrase 2	P9WPJ9	7.0		Ki	CHEMBL	=	Mycobacterium tuberculosis (strain ATCC 25618 / H37Rv)	acid-fast
dorzolamide	949	Carbonic anhydrase, alpha family	Q31FD6	8.15		Ki	CHEMBL	=	Hydrogenovibrio crunogenus (strain XCL-2)	gram-negative
dorzolamide	949	Carbonate dehydratase	B2V8E3	8.1		Ki	CHEMBL	=	Sulfurihydrogenibium sp. (strain YO3AOP1)	gram-negative
doxorubicin	960	Type-2 restriction enzyme HindIII	P43870	4.02		IC50	CHEMBL	=	Haemophilus influenzae (strain ATCC 51907 / DSM 11121 / KW20 / Rd)	gram-negative
doxorubicin	960	Type-2 restriction enzyme ScaI	O52691	4.6		IC50	CHEMBL	=	Streptomyces caespitosus	gram-positive
doxycycline	961	Tetracycline resistance protein, class B	P02980	5.04		IC50	WOMBAT-PK	=	Escherichia coli	gram-negative
econazole	983	Beta-lactamase	P00811	4.6		IC50	CHEMBL	=	Escherichia coli (strain K12)	gram-negative
edatrexate	986	Dihydrofolate reductase	P00381	8.42		IC50	CHEMBL	=	Lactobacillus casei	acid-fast
edetic acid	987	Beta-lactamase	Q79MP6	4.55		IC50	CHEMBL	=	Pseudomonas aeruginosa	gram-negative
edetic acid	987	Beta-lactamase VIM-1; Class B carbapenemase VIM-1; Metallo-beta-lactamase; Metallo-beta-lactamase VIM-1; Metallobeta-lactamase; VIM-1; VIM-1 metallo-beta lactamase; VIM-1 metallo-beta-lactamase; VIM-1	Q9XAY4	5.03		IC50	CHEMBL	=	Pseudomonas aeruginosa	gram-negative
ergotamine	1043	Adenylate cyclase	O32393	4.15		IC50	CHEMBL	=	Arthrospira platensis	gram-negative
ethoxzolamide	1089	Carbonic anhydrase	O24855	6.81		Ki	CHEMBL	=	Helicobacter pylori (strain ATCC 700392 / 26695)	gram-negative
ethoxzolamide	1089	Carbonic anhydrase	Q50565	5.27		Ki	CHEMBL	=	Methanothermobacter thermautotrophicus (strain ATCC 29096 / DSM 1053 / JCM 10044 / NBRC 100330 / Delta H)	gram-positive
ethoxzolamide	1089	Beta-carbonic anhydrase 1	P9WPJ7	5.99		Ki	CHEMBL	=	Mycobacterium tuberculosis (strain ATCC 25618 / H37Rv)	acid-fast
ethoxzolamide	1089	Carbonic anhydrase 2	P9WPJ9	7.57		Ki	CHEMBL	=	Mycobacterium tuberculosis (strain ATCC 25618 / H37Rv)	acid-fast
ethoxzolamide	1089	Carbonic anhydrase, alpha family	Q31FD6	8.39		Ki	CHEMBL	=	Hydrogenovibrio crunogenus (strain XCL-2)	gram-negative
ethoxzolamide	1089	Carbonate dehydratase	B2V8E3	8.03		Ki	CHEMBL	=	Sulfurihydrogenibium sp. (strain YO3AOP1)	gram-negative
etidronic acid	1098	Type IV secretion-like conjugative transfer relaxase protein TraI	B1LRJ1	8.52		Ki	CHEMBL	=	Escherichia coli	gram-negative
fendiline	1148	Transcriptional activator protein luxR	P12746	4.04		IC50	CHEMBL	=	Aliivibrio fischeri	gram-negative
fleroxacin	1177	DNA gyrase subunit A	P0AES4	4.79		IC50	WOMBAT-PK	=	Escherichia coli (strain K12)	gram-negative
fosfomycin	1243	UDP-N-acetylglucosamine 1-carboxyvinyltransferase	P0A749	7.0		IC50	CHEMBL	=	Escherichia coli (strain K12)	gram-negative
fosfomycin	1243	UDP-N-acetylglucosamine 1-carboxyvinyltransferase	Q9HVW7	4.98		IC50	CHEMBL	=	Pseudomonas aeruginosa (strain ATCC 15692 / PAO1 / 1C / PRS 101 / LMG 12228)	gram-negative
fulvestrant	1255	Beta-lactamase TEM	P62593	4.25		IC50	CHEMBL	=	Escherichia coli	gram-negative
fulvestrant	1255	Beta-lactamase TEM	P62593	4.25		IC50	CHEMBL	=	Escherichia coli	gram-negative
furosemide	1258	Holo-[acyl-carrieir-protein] synthase	P96618	4.9		IC50	CHEMBL	=	Bacillus subtilis (strain 168)	gram-positive
gatifloxacin	1280	DNA topoisomerase 4 subunit A	P0C1U9	5.92		IC50	CHEMBL	=	Staphylococcus aureus	gram-positive
gatifloxacin	1280	DNA gyrase subunit A	P9WG47	5.03		IC50	CHEMBL	=	Mycobacterium tuberculosis (strain ATCC 25618 / H37Rv)	acid-fast
gatifloxacin	1280	DNA gyrase	P0AES4|P0AES6	6.3		IC50	CHEMBL	=	Escherichia coli (strain K12)	gram-negative
gefitinib	1282	Quinolone resistance protein NorA	P0A0J7	5.01		IC50	CHEMBL	=	Staphylococcus aureus	gram-positive
gemifloxacin	1286	DNA topoisomerase 4 subunit A	P0C1U9	6.52		IC50	CHEMBL	=	Staphylococcus aureus	gram-positive
glutamic acid	1310	Glutamate racemase	Q03469	4.55		Ki	CHEMBL	=	Lactobacillus fermentum	acid-fast
glutamic acid	1310	Glutamate racemase	P56068	5.24		Ki	CHEMBL	=	Helicobacter pylori (strain ATCC 700392 / 26695)	gram-negative
gossypol	1328	Beta-lactamase	P00811	4.34		IC50	CHEMBL	=	Escherichia coli (strain K12)	gram-negative
hydrochlorothiazide	1385	Carbonic anhydrase, alpha family	Q31FD6	6.53		Ki	CHEMBL	=	Hydrogenovibrio crunogenus (strain XCL-2)	gram-negative
hydrochlorothiazide	1385	Carbonate dehydratase	B2V8E3	8.14		Ki	CHEMBL	=	Sulfurihydrogenibium sp. (strain YO3AOP1)	gram-negative
imipenem	1426	Penicillin-binding protein 4	Q5D1E9	7.3		IC50	WOMBAT-PK	=	Staphylococcus aureus	gram-positive
imipenem	1426	Penicillin-binding protein 1	A1KS91	7.0		IC50	WOMBAT-PK	=	Neisseria meningitidis serogroup C / serotype 2a (strain ATCC 700532 / DSM 15464 / FAM18)	gram-negative
imipenem	1426	Beta-lactamase	A2RP81	7.22		Ki	CHEMBL	=	Citrobacter freundii	gram-negative
imipenem	1426	Beta-lactamase GES-13	D1MIX9	6.82		IC50	CHEMBL	=	Pseudomonas aeruginosa	gram-negative
isoniazid	1497	Enoyl-[acyl-carrier-protein] reductase [NADH]	P9WGR1	5.08		IC50	CHEMBL	=	Mycobacterium tuberculosis (strain ATCC 25618 / H37Rv)	acid-fast
isoniazid	1497	Dihydrofolate reductase	P9WNX1	9.0		Ki	CHEMBL	=	Mycobacterium tuberculosis (strain ATCC 25618 / H37Rv)	acid-fast
kanamycin	1519	3-oxoacyl-[acyl-carrier-protein] synthase 3	P0A6R0	5.17		IC50	CHEMBL	=	Escherichia coli (strain K12)	gram-negative
bekanamycin	1520	3-oxoacyl-[acyl-carrier-protein] synthase 3	C3TDZ2	5.2		IC50	CHEMBL	=	Escherichia coli	gram-negative
bekanamycin	1520	3-oxoacyl-[acyl-carrier-protein] synthase 3	P0A6R0	5.25		IC50	CHEMBL	=	Escherichia coli (strain K12)	gram-negative
lamotrigine	1540	Dihydrofolate reductase	B0BL08	4.82		Ki	CHEMBL	=	Escherichia coli	gram-negative
levofloxacin	1569	DNA gyrase subunit A	P9WG47	4.28		IC50	CHEMBL	=	Mycobacterium tuberculosis (strain ATCC 25618 / H37Rv)	acid-fast
lomefloxacin	1594	DNA gyrase subunit A	P43700	5.15		IC50	WOMBAT-PK	=	Haemophilus influenzae (strain ATCC 51907 / DSM 11121 / KW20 / Rd)	gram-negative
mafenide	1624	Carbonic anhydrase	O24855	6.08		Ki	CHEMBL	=	Helicobacter pylori (strain ATCC 700392 / 26695)	gram-negative
mafenide	1624	Carbonic anhydrase	Q50565	4.55		Ki	CHEMBL	=	Methanothermobacter thermautotrophicus (strain ATCC 29096 / DSM 1053 / JCM 10044 / NBRC 100330 / Delta H)	gram-positive
mafenide	1624	Probable transmembrane carbonic anhydrase (Carbonate dehydratase) (Carbonic dehydratase); Transmembrane carbonic anhydrase	P96878	5.13		Ki	CHEMBL	=	Mycobacterium tuberculosis (strain ATCC 25618 / H37Rv)	acid-fast
mafenide	1624	Beta-carbonic anhydrase 1	P9WPJ7	5.06		Ki	CHEMBL	=	Mycobacterium tuberculosis (strain ATCC 25618 / H37Rv)	acid-fast
mafenide	1624	Carbonic anhydrase 2	P9WPJ9	4.51		Ki	CHEMBL	=	Mycobacterium tuberculosis (strain ATCC 25618 / H37Rv)	acid-fast
mafenide	1624	Carbonic anhydrase, alpha family	Q31FD6	6.7		Ki	CHEMBL	=	Hydrogenovibrio crunogenus (strain XCL-2)	gram-negative
mafenide	1624	Carbonate dehydratase	B2V8E3	6.46		Ki	CHEMBL	=	Sulfurihydrogenibium sp. (strain YO3AOP1)	gram-negative
mecillinam	1648	Penicillin-binding protein 2	P0AD65	7.035		IC50	WOMBAT-PK	=	Escherichia coli (strain K12)	gram-negative
methazolamide	1741	Carbonic anhydrase	O24855	6.77		Ki	CHEMBL	=	Helicobacter pylori (strain ATCC 700392 / 26695)	gram-negative
methazolamide	1741	Carbonic anhydrase	Q50565	4.49		Ki	CHEMBL	=	Methanothermobacter thermautotrophicus (strain ATCC 29096 / DSM 1053 / JCM 10044 / NBRC 100330 / Delta H)	gram-positive
methazolamide	1741	Probable transmembrane carbonic anhydrase (Carbonate dehydratase) (Carbonic dehydratase); Transmembrane carbonic anhydrase	P96878	6.25		Ki	CHEMBL	=	Mycobacterium tuberculosis (strain ATCC 25618 / H37Rv)	acid-fast
methazolamide	1741	Beta-carbonic anhydrase 1	P9WPJ7	6.11		Ki	CHEMBL	=	Mycobacterium tuberculosis (strain ATCC 25618 / H37Rv)	acid-fast
methazolamide	1741	Carbonic anhydrase 2	P9WPJ9	6.18		Ki	CHEMBL	=	Mycobacterium tuberculosis (strain ATCC 25618 / H37Rv)	acid-fast
methazolamide	1741	Carbonic anhydrase, alpha family	Q31FD6	7.58		Ki	CHEMBL	=	Hydrogenovibrio crunogenus (strain XCL-2)	gram-negative
methazolamide	1741	Carbonate dehydratase	B2V8E3	8.09		Ki	CHEMBL	=	Sulfurihydrogenibium sp. (strain YO3AOP1)	gram-negative
meticillin	1744	NH(3)-dependent NAD(+) synthetase	P18843	5.5		IC50	WOMBAT-PK	=	Escherichia coli (strain K12)	gram-negative
methotrexate	1751	Dihydrofolate reductase	P00381	8.89		IC50	CHEMBL	=	Lactobacillus casei	acid-fast
methotrexate	1751	Thymidylate synthase	P00469	4.4		IC50	CHEMBL	=	Lactobacillus casei	acid-fast
methotrexate	1751	Dihydrofolate reductase	B0BL08	10.68		Ki	CHEMBL	=	Escherichia coli	gram-negative
methotrexate	1751	Thymidylate synthase	C3SWJ7	5.74		IC50	CHEMBL	=	Escherichia coli	gram-negative
methotrexate	1751	Dihydrofolate reductase	P0A017	9.0		Ki	CHEMBL	=	Staphylococcus aureus	gram-positive
methotrexate	1751	Dihydrofolate reductase	P9WNX1	8.08		IC50	CHEMBL	=	Mycobacterium tuberculosis (strain ATCC 25618 / H37Rv)	acid-fast
methotrexate	1751	Dihydrofolate reductase	Q81R22	7.91		IC50	CHEMBL	=	Bacillus anthracis	gram-positive
methotrexate	1751	Dihydrofolate reductase	P00380	8.85		IC50	CHEMBL	=	Enterococcus faecium	gram-positive
miconazole	1800	Beta-lactamase	P00811	4.4		IC50	CHEMBL	=	Escherichia coli (strain K12)	gram-negative
minocycline	1813	Tetracycline resistance protein, class B	P02980	5.638		IC50	WOMBAT-PK	=	Escherichia coli	gram-negative
latamoxef	1851	Peptidoglycan synthase FtsI	P0AD68	5.938		IC50	WOMBAT-PK	=	Escherichia coli (strain K12)	gram-negative
latamoxef	1851	Penicillin-binding protein 1A	P02918	6.716		IC50	WOMBAT-PK	=	Escherichia coli (strain K12)	gram-negative
latamoxef	1851	Penicillin-binding protein 1B	P02919	4.637		IC50	WOMBAT-PK	=	Escherichia coli (strain K12)	gram-negative
moxifloxacin	1854	DNA topoisomerase 4 subunit A	P0C1U9	6.1		IC50	CHEMBL	=	Staphylococcus aureus	gram-positive
moxifloxacin	1854	DNA gyrase subunit A	P9WG47	5.04		IC50	CHEMBL	=	Mycobacterium tuberculosis (strain ATCC 25618 / H37Rv)	acid-fast
moxifloxacin	1854	DNA gyrase	P0AES4|P0AES6	6.52		IC50	CHEMBL	=	Escherichia coli (strain K12)	gram-negative
mupirocin	1857	Isoleucine--tRNA ligase	P00956	8.6		Ki	CHEMBL	=	Escherichia coli (strain K12)	gram-negative
mupirocin	1857	Isoleucine--tRNA ligase	P56690	7.22		Ki	CHEMBL	=	Thermus thermophilus	gram-negative
naftifine	1872	Dehydrosqualene desaturase	O07855	6.53		IC50	CHEMBL	=	Staphylococcus aureus (strain Newman)	gram-positive
framycetin	1896	Lethal factor	P15917	6.3		Ki	CHEMBL	=	Bacillus anthracis	gram-positive
nicardipine	1909	Beta-lactamase	P00811	4.7		IC50	CHEMBL	=	Escherichia coli (strain K12)	gram-negative
nicardipine	1909	Quinolone resistance protein NorA	P0A0J7	4.64		IC50	CHEMBL	=	Staphylococcus aureus	gram-positive
nitazoxanide	1943	Pyruvate-flavodoxin oxidoreductase	Q0P8E1	4.98		Ki	CHEMBL	=	Campylobacter jejuni subsp. jejuni serotype O:2	gram-negative
norfloxacin	1967	DNA topoisomerase 4 subunit A	P0AFI2	5.29		IC50	WOMBAT-PK	=	Escherichia coli (strain K12)	gram-negative
norfloxacin	1967	DNA topoisomerase 4 subunit A	P0C1U9	5.46		IC50	CHEMBL	=	Staphylococcus aureus	gram-positive
norfloxacin	1967	DNA gyrase subunit A	P9WG47	4.28		IC50	CHEMBL	=	Mycobacterium tuberculosis (strain ATCC 25618 / H37Rv)	acid-fast
norfloxacin	1967	DNA gyrase subunit A	P0AES4	6.05		IC50	WOMBAT-PK	=	Escherichia coli (strain K12)	gram-negative
novobiocin	1974	DNA gyrase subunit B	P0AES6	6.81		IC50	CHEMBL	=	Escherichia coli (strain K12)	gram-negative
novobiocin	1974	DNA gyrase subunit B	P0A4L9	7.43		IC50	CHEMBL	=	Streptococcus pneumoniae serotype 4 (strain ATCC BAA-334 / TIGR4)	gram-positive
novobiocin	1974	ParE	Q7X1P7	5.69		IC50	CHEMBL	=	Streptococcus pneumoniae	gram-positive
novobiocin	1974	DNA gyrase	P0AES4|P0AES6	7.0		IC50	CHEMBL	=	Escherichia coli (strain K12)	gram-negative
novobiocin	1974	DNA gyrase subunit B	P0C559	6.7		IC50	CHEMBL	=	Mycobacterium smegmatis	acid-fast
novobiocin	1974	DNA gyrase subunit B	P0A0K8	6.9		IC50	CHEMBL	=	Staphylococcus aureus	gram-positive
novobiocin	1974	DNULL gyrase subunit B	A0QNE0	7.34		IC50	CHEMBL	=	Mycolicibacterium smegmatis	acid-fast
novobiocin	1974	DNULL gyrase subunit B	C3SLN3	8.15		Ki	CHEMBL	=	Escherichia coli	gram-negative
ofloxacin	1981	DNA gyrase subunit A	P0AES4	5.28		IC50	WOMBAT-PK	=	Escherichia coli (strain K12)	gram-negative
oseltamivir	2001	Sialidase	P10481	9.0		IC50	CHEMBL	=	Clostridium perfringens	gram-positive
paclitaxel	2044	Botulinum neurotoxin type A	P10845	5.28		IC50	CHEMBL	=	Clostridium botulinum	gram-positive
paroxetine	2068	Quinolone resistance protein NorA	P0A0J7	5.15		IC50	CHEMBL	=	Staphylococcus aureus	gram-positive
pefloxacin	2071	DNA gyrase subunit A	P0AES4	6.785		IC50	WOMBAT-PK	=	Escherichia coli (strain K12)	gram-negative
pefloxacin	2071	DNA gyrase subunit B	P0AES6	6.785		IC50	WOMBAT-PK	=	Escherichia coli (strain K12)	gram-negative
pemetrexed	2073	Thymidylate synthase	P0A884	4.82		IC50	CHEMBL	=	Escherichia coli (strain K12)	gram-negative
pemetrexed	2073	Dihydrofolate reductase	P00381	5.64		IC50	CHEMBL	=	Lactobacillus casei	acid-fast
pemetrexed	2073	Thymidylate synthase	P00469	6.26		Ki	CHEMBL	=	Lactobacillus casei	acid-fast
pemetrexed	2073	Dihydrofolate reductase	B0BL08	5.64		IC50	CHEMBL	=	Escherichia coli	gram-negative
pemetrexed	2073	Thymidylate synthase	C3SWJ7	5.96		IC50	CHEMBL	=	Escherichia coli	gram-negative
pemetrexed	2073	Thymidylate synthase (EC 2.1.1.45) (TS) (TSase)	E2QDN0	4.12		IC50	CHEMBL	=	Escherichia coli	gram-negative
penicillamine	2081	Succinyl-diaminopimelate desuccinylase	P44514	4.3		IC50	CHEMBL	=	Haemophilus influenzae (strain ATCC 51907 / DSM 11121 / KW20 / Rd)	gram-negative
benzylpenicillin	2082	Beta-lactamase TEM	P62593	4.7		Ki	CHEMBL	=	Escherichia coli	gram-negative
benzylpenicillin	2082	Beta-lactamase	P05364	5.44		IC50	CHEMBL	=	Enterobacter cloacae	gram-negative
benzylpenicillin	2082	Beta-lactamase	P05364	5.44		IC50	CHEMBL	=	Enterobacter cloacae	gram-negative
phenolphthalein	2135	Thymidylate synthase	P0A884	5.33		Ki	CHEMBL	=	Escherichia coli (strain K12)	gram-negative
phenolphthalein	2135	Thymidylate synthase	P00469	5.33		Ki	CHEMBL	=	Lactobacillus casei	acid-fast
phenolphthalein	2135	Thymidylate synthase	Q834R3	5.85		Ki	CHEMBL	=	Enterococcus faecalis (strain ATCC 700802 / V583)	gram-positive
pimethixene	2169	Transcriptional activator protein luxR	P12746	4.25		IC50	CHEMBL	=	Aliivibrio fischeri	gram-negative
piperacillin	2187	Beta-lactamase	A2RP81	6.7		Ki	CHEMBL	=	Citrobacter freundii	gram-negative
pyrimethamine	2332	Dihydrofolate reductase	B0BL08	8.92		Ki	CHEMBL	=	Escherichia coli	gram-negative
mepacrine	2338	Bacterial DNA-directed RNA polymerase	P0A7Z4|P0A800|P0A8T7|P0A8V2	4.7		IC50	CHEMBL	=	Escherichia coli (strain K12)	gram-negative
raltitrexed	2353	Thymidylate synthase	P0A884	5.244		IC50	WOMBAT-PK	=	Escherichia coli (strain K12)	gram-negative
raltitrexed	2353	Thymidylate synthase	P00469	5.1		IC50	CHEMBL	=	Lactobacillus casei	acid-fast
raltitrexed	2353	Dihydrofolate reductase	B0BL08	4.64		IC50	CHEMBL	=	Escherichia coli	gram-negative
raltitrexed	2353	Thymidylate synthase	C3SWJ7	5.28		IC50	CHEMBL	=	Escherichia coli	gram-negative
reserpine	2370	Quinolone resistance protein NorA	P0A0J7	5.15		IC50	CHEMBL	=	Staphylococcus aureus	gram-positive
rifabutin	2376	DNA-directed RNA polymerase subunit beta	P9WGY9	8.0		Ki	WOMBAT-PK	=	Mycobacterium tuberculosis (strain ATCC 25618 / H37Rv)	acid-fast
rifampicin	2377	Enoyl-[acyl-carrier-protein] reductase [NADH]	P9WGR1	7.52		IC50	CHEMBL	=	Mycobacterium tuberculosis (strain ATCC 25618 / H37Rv)	acid-fast
secnidazole	2427	3-oxoacyl-[acyl-carrier-protein] synthase 3	C3TDZ2	4.55		IC50	CHEMBL	=	Escherichia coli	gram-negative
sertraline	2436	Transcriptional activator protein luxR	P12746	4.57		IC50	CHEMBL	=	Aliivibrio fischeri	gram-negative
sitagliptin	2448	Dipeptidyl peptidase IV	O31048	4.75		IC50	CHEMBL	=	Porphyromonas gingivalis	gram-negative
sulbactam	2492	Beta-lactamase	P00807	5.19		IC50	CHEMBL	=	Staphylococcus aureus	gram-positive
sulbactam	2492	Beta-lactamase TEM	P62593	6.1		Ki	CHEMBL	=	Escherichia coli	gram-negative
sulbactam	2492	Beta-lactamase	P00811	4.18		IC50	CHEMBL	=	Escherichia coli (strain K12)	gram-negative
sulbactam	2492	Beta-lactamase SHV-1	P0AD63	5.41		IC50	CHEMBL	=	Escherichia coli	gram-negative
sulbactam	2492	Beta-lactamase	P05364	6.0		IC50	CHEMBL	=	Enterobacter cloacae	gram-negative
sulbactam	2492	Beta-lactamase OXA-1	P13661	4.66		IC50	CHEMBL	=	Escherichia coli	gram-negative
sulbactam	2492	Beta-lactamase	P24735	4.57		IC50	CHEMBL	=	Pseudomonas aeruginosa (strain ATCC 15692 / PAO1 / 1C / PRS 101 / LMG 12228)	gram-negative
sulbactam	2492	Beta-lactamase	A1E3K9	5.21		IC50	CHEMBL	=	Escherichia coli	gram-negative
sulbactam	2492	Beta-lactamase	A8RR46	7.12		IC50	CHEMBL	=	Bacillus clausii	gram-positive
sulbactam	2492	Carbapenem-hydrolizing beta-lactamase SFC-1	Q6JP75	4.64		IC50	CHEMBL	=	Serratia fonticola	gram-negative
sulbactam	2492	Beta-lactamase GES-13	D1MIX9	6.43		IC50	CHEMBL	=	Pseudomonas aeruginosa	gram-negative
sulbactam	2492	Class D beta-lactamase	Q50H31	4.92		IC50	CHEMBL	=	Brachyspira pilosicoli	gram-negative
sulbactam	2492	Beta-lactamase	Q7X575	5.62		IC50	CHEMBL	=	Escherichia coli	gram-negative
sulbactam	2492	Beta-lactamase	Q0VTR6	5.95		IC50	CHEMBL	=	Acinetobacter pittii	gram-negative
sulbactam	2492	Beta-lactamase	Q0VTR8	5.11		IC50	CHEMBL	=	Acinetobacter pittii	gram-negative
sulbactam	2492	Beta-lactamase	D5HSX5	5.4		IC50	CHEMBL	=	Aeromonas allosaccharophila	gram-negative
sulbactam	2492	Beta-lactamase TEM	P62594	6.1		Ki	WOMBAT-PK	=	Salmonella typhi	gram-negative
sulbactam	2492	ADC-18 protein	Q0VTS0	4.93		IC50	CHEMBL	=	Acinetobacter pittii	gram-negative
sulbactam	2492	Beta-lactamase 1	P00809	4.6		IC50	CHEMBL	=	Bacillus cereus	gram-positive
sulbactam	2492	Beta-lactamase	D2SSQ3	5.52		IC50	CHEMBL	=	Pseudomonas aeruginosa	gram-negative
sulbactam	2492	Beta-lactamase	Q3SAW3	5.52		IC50	CHEMBL	=	Pseudomonas aeruginosa	gram-negative
sulconazole	2495	Beta-lactamase	P00811	4.85		IC50	CHEMBL	=	Escherichia coli (strain K12)	gram-negative
sulfamethoxazole	2514	Dihydropteroate synthase	P0AC13	5.33		IC50	CHEMBL	=	Escherichia coli (strain K12)	gram-negative
sulfanilamide	2521	Carbonic anhydrase	O24855	6.37		Ki	CHEMBL	=	Helicobacter pylori (strain ATCC 700392 / 26695)	gram-negative
sulfanilamide	2521	Carbonic anhydrase	Q50565	4.24		Ki	CHEMBL	=	Methanothermobacter thermautotrophicus (strain ATCC 29096 / DSM 1053 / JCM 10044 / NBRC 100330 / Delta H)	gram-positive
sulfanilamide	2521	Probable transmembrane carbonic anhydrase (Carbonate dehydratase) (Carbonic dehydratase); Transmembrane carbonic anhydrase	P96878	5.2		Ki	CHEMBL	=	Mycobacterium tuberculosis (strain ATCC 25618 / H37Rv)	acid-fast
sulfanilamide	2521	Beta-carbonic anhydrase 1	P9WPJ7	5.03		Ki	CHEMBL	=	Mycobacterium tuberculosis (strain ATCC 25618 / H37Rv)	acid-fast
sulfanilamide	2521	Carbonic anhydrase 2	P9WPJ9	4.53		Ki	CHEMBL	=	Mycobacterium tuberculosis (strain ATCC 25618 / H37Rv)	acid-fast
sulfanilamide	2521	Carbonic anhydrase, alpha family	Q31FD6	6.2		Ki	CHEMBL	=	Hydrogenovibrio crunogenus (strain XCL-2)	gram-negative
sulfanilamide	2521	Carbonate dehydratase	B2V8E3	6.19		Ki	CHEMBL	=	Sulfurihydrogenibium sp. (strain YO3AOP1)	gram-negative
sulfathiazole	2527	Dihydropteroate synthase	P0AC13	5.6		IC50	CHEMBL	=	Escherichia coli (strain K12)	gram-negative
sulfathiazole	2527	Transcriptional activator protein LasR	P25084	5.05		IC50	CHEMBL	=	Pseudomonas aeruginosa	gram-negative
sulpiride	2537	Carbonic anhydrase	O24855	6.75		Ki	CHEMBL	=	Helicobacter pylori (strain ATCC 700392 / 26695)	gram-negative
sulpiride	2537	Beta-carbonic anhydrase 1	P9WPJ7	5.64		Ki	CHEMBL	=	Mycobacterium tuberculosis (strain ATCC 25618 / H37Rv)	acid-fast
sulpiride	2537	Carbonic anhydrase 2	P9WPJ9	6.58		Ki	CHEMBL	=	Mycobacterium tuberculosis (strain ATCC 25618 / H37Rv)	acid-fast
sulpiride	2537	Carbonic anhydrase, alpha family	Q31FD6	6.06		Ki	CHEMBL	=	Hydrogenovibrio crunogenus (strain XCL-2)	gram-negative
sulpiride	2537	Carbonate dehydratase	B2V8E3	7.17		Ki	CHEMBL	=	Sulfurihydrogenibium sp. (strain YO3AOP1)	gram-negative
sultiame	2540	Beta-carbonic anhydrase 1	P9WPJ7	5.29		Ki	CHEMBL	=	Mycobacterium tuberculosis (strain ATCC 25618 / H37Rv)	acid-fast
sultiame	2540	Carbonic anhydrase 2	P9WPJ9	6.18		Ki	CHEMBL	=	Mycobacterium tuberculosis (strain ATCC 25618 / H37Rv)	acid-fast
sultiame	2540	Carbonic anhydrase, alpha family	Q31FD6	6.37		Ki	CHEMBL	=	Hydrogenovibrio crunogenus (strain XCL-2)	gram-negative
sultiame	2540	Carbonate dehydratase	B2V8E3	8.11		Ki	CHEMBL	=	Sulfurihydrogenibium sp. (strain YO3AOP1)	gram-negative
tamoxifen	2561	Transcriptional activator protein luxR	P12746	4.4		IC50	CHEMBL	=	Aliivibrio fischeri	gram-negative
tazobactam	2572	Beta-lactamase	P00808	6.29		IC50	CHEMBL	=	Bacillus licheniformis	gram-positive
tazobactam	2572	Beta-lactamase	P00807	6.527		IC50	WOMBAT-PK	=	Staphylococcus aureus	gram-positive
tazobactam	2572	Beta-lactamase TEM	P62593	6.602		IC50	WOMBAT-PK	=	Escherichia coli	gram-negative
tazobactam	2572	Beta-lactamase	P00811	7.824		IC50	WOMBAT-PK	=	Escherichia coli (strain K12)	gram-negative
tazobactam	2572	Beta-lactamase	Q59401	5.47		IC50	CHEMBL	=	Enterobacter cloacae	gram-negative
tazobactam	2572	Beta-lactamase SHV-1	P0AD63	6.65		IC50	CHEMBL	=	Escherichia coli	gram-negative
tazobactam	2572	Beta-lactamase 1	P10424	6.524		IC50	DRUG MATRIX	=	Bacillus cereus	gram-positive
tazobactam	2572	IMI-1; IMI-1 carbapenemase	Q46991	7.52		IC50	CHEMBL	=	Enterobacter cloacae	gram-negative
tazobactam	2572	Beta-lactamase	P05364	7.0		IC50	CHEMBL	=	Enterobacter cloacae	gram-negative
tazobactam	2572	Beta-lactamase	Q6W9J1	7.22		IC50	CHEMBL	=	Enterobacter cloacae	gram-negative
tazobactam	2572	Beta-lactamase	P24735	6.09		IC50	CHEMBL	=	Pseudomonas aeruginosa (strain ATCC 15692 / PAO1 / 1C / PRS 101 / LMG 12228)	gram-negative
tazobactam	2572	Beta-lactamase	P94958	6.72		IC50	CHEMBL	=	Morganella morganii	gram-negative
tazobactam	2572	Beta-lactamase	P05193	6.03		IC50	CHEMBL	=	Citrobacter freundii	gram-negative
tazobactam	2572	Beta-lactamase	A4KCT8	7.4		IC50	CHEMBL	=	Citrobacter gillenii	gram-negative
tazobactam	2572	Beta-lactamase	A1E3K9	8.0		IC50	CHEMBL	=	Escherichia coli	gram-negative
tazobactam	2572	Beta-lactamase	A8RR46	8.4		IC50	CHEMBL	=	Bacillus clausii	gram-positive
tazobactam	2572	Carbapenem-hydrolizing beta-lactamase SFC-1	Q6JP75	5.16		IC50	CHEMBL	=	Serratia fonticola	gram-negative
tazobactam	2572	Carbepenem-hydrolyzing beta-lactamase KPC	Q9F663	4.13		Ki	CHEMBL	=	Klebsiella pneumoniae	gram-negative
tazobactam	2572	Beta-lactamase	A2RP81	7.02		IC50	CHEMBL	=	Citrobacter freundii	gram-negative
tazobactam	2572	Beta-lactamase	Q9EXV5	8.7		IC50	CHEMBL	=	Escherichia coli	gram-negative
tazobactam	2572	Beta-lactamase SHV-1	P0AD64	6.96		IC50	CHEMBL	=	Klebsiella pneumoniae	gram-negative
tazobactam	2572	Beta-lactamase	Q6GWS8	6.62		IC50	CHEMBL	=	Escherichia coli	gram-negative
tazobactam	2572	Beta-lactamase GES-13	D1MIX9	7.22		IC50	CHEMBL	=	Pseudomonas aeruginosa	gram-negative
tazobactam	2572	Beta-lactamase	A0ZX81	7.1		IC50	CHEMBL	=	Klebsiella pneumoniae	gram-negative
tazobactam	2572	Class D beta-lactamase	Q50H31	6.8		IC50	CHEMBL	=	Brachyspira pilosicoli	gram-negative
tazobactam	2572	Beta-lactamase	B8R6A5	6.3		IC50	CHEMBL	=	Burkholderia cenocepacia	gram-negative
tazobactam	2572	Beta-lactamase	Q2XPY6	8.66		IC50	CHEMBL	=	Salmonella enterica subsp. enterica serovar Westhampton	gram-negative
tazobactam	2572	Beta-lactamase	D2SSQ3	5.7		IC50	CHEMBL	=	Pseudomonas aeruginosa	gram-negative
tazobactam	2572	Beta-lactamase	Q3SAW3	5.7		IC50	CHEMBL	=	Pseudomonas aeruginosa	gram-negative
tazobactam	2572	Beta-lactamase	Q670S6	7.4		IC50	CHEMBL	=	Pseudomonas luteola	gram-negative
terfenadine	2600	Transcriptional activator protein luxR	P12746	4.04		IC50	CHEMBL	=	Aliivibrio fischeri	gram-negative
tetroxoprim	2615	Dihydrofolate reductase	P0ABQ4	8.35		Ki	WOMBAT-PK	=	Escherichia coli (strain K12)	gram-negative
tetroxoprim	2615	Dihydrofolate reductase	P00381	6.26		Ki	CHEMBL	=	Lactobacillus casei	acid-fast
tetroxoprim	2615	Dihydrofolate reductase	B0BL08	7.74		IC50	CHEMBL	=	Escherichia coli	gram-negative
tetroxoprim	2615	Dihydrofolate reductase	Q8Z9J9	8.35		Ki	CHEMBL	=	Salmonella typhi	gram-negative
thiabendazole	2621	Methionine aminopeptidase	P0AE18	6.33		IC50	CHEMBL	=	Escherichia coli (strain K12)	gram-negative
tiocarlide	2673	Epoxide hydrolase EphE; Hydrolase, alpha/beta hydrolase fold family	O69638	7.66		IC50	CHEMBL	=	Mycobacterium tuberculosis (strain CDC 1551 / Oshkosh)	acid-fast
topiramate	2706	Carbonic anhydrase	O24855	6.76		Ki	CHEMBL	=	Helicobacter pylori (strain ATCC 700392 / 26695)	gram-negative
topiramate	2706	Carbonic anhydrase	Q50565	4.63		Ki	CHEMBL	=	Methanothermobacter thermautotrophicus (strain ATCC 29096 / DSM 1053 / JCM 10044 / NBRC 100330 / Delta H)	gram-positive
topiramate	2706	Probable transmembrane carbonic anhydrase (Carbonate dehydratase) (Carbonic dehydratase); Transmembrane carbonic anhydrase	P96878	5.52		Ki	CHEMBL	=	Mycobacterium tuberculosis (strain ATCC 25618 / H37Rv)	acid-fast
topiramate	2706	Beta-carbonic anhydrase 1	P9WPJ7	6.21		Ki	CHEMBL	=	Mycobacterium tuberculosis (strain ATCC 25618 / H37Rv)	acid-fast
topiramate	2706	Carbonic anhydrase 2	P9WPJ9	6.32		Ki	CHEMBL	=	Mycobacterium tuberculosis (strain ATCC 25618 / H37Rv)	acid-fast
topiramate	2706	Carbonic anhydrase, alpha family	Q31FD6	6.11		Ki	CHEMBL	=	Hydrogenovibrio crunogenus (strain XCL-2)	gram-negative
topiramate	2706	Carbonate dehydratase	B2V8E3	8.18		Ki	CHEMBL	=	Sulfurihydrogenibium sp. (strain YO3AOP1)	gram-negative
trifluridine	2743	Thymidylate kinase	P9WKE1	4.01		Ki	CHEMBL	=	Mycobacterium tuberculosis (strain ATCC 25618 / H37Rv)	acid-fast
trimethoprim	2755	Dihydrofolate reductase	P0ABQ4	5.57		IC50	CHEMBL	=	Escherichia coli (strain K12)	gram-negative
trimethoprim	2755	Dihydrofolate reductase	P00381	6.88		Ki	CHEMBL	=	Lactobacillus casei	acid-fast
trimethoprim	2755	Dihydrofolate reductase	O30463	6.72		IC50	CHEMBL	=	Mycobacterium avium	gram-positive
trimethoprim	2755	Dihydrofolate reductase	B0BL08	8.89		Ki	CHEMBL	=	Escherichia coli	gram-negative
trimethoprim	2755	Dihydrofolate reductase	P0A017	8.92		Ki	CHEMBL	=	Staphylococcus aureus	gram-positive
trimethoprim	2755	Dihydrofolate reductase	P04174	6.35		IC50	CHEMBL	=	Neisseria gonorrhoeae	gram-negative
trimethoprim	2755	Dihydrofolate reductase	Q59487	6.35		IC50	CHEMBL	=	Lactococcus lactis subsp. lactis (strain IL1403)	gram-positive
trimethoprim	2755	Dihydrofolate reductase	Q81R22	4.62		Ki	CHEMBL	=	Bacillus anthracis	gram-positive
trimethoprim	2755	Dihydrofolate reductase type 1	P00382	6.3		IC50	CHEMBL	=	Escherichia coli	gram-negative
trimethoprim	2755	Dihydrofolate reductase	Q8Z9J9	8.08		Ki	CHEMBL	=	Salmonella typhi	gram-negative
trimethoprim	2755	Dihydrofolate reductase	Q54801	4.38		IC50	CHEMBL	=	Streptococcus pneumoniae serotype 4 (strain ATCC BAA-334 / TIGR4)	gram-positive
trimetrexate	2757	Dihydrofolate reductase	P0ABQ4	8.0		IC50	CHEMBL	=	Escherichia coli (strain K12)	gram-negative
trimetrexate	2757	Dihydrofolate reductase	P00381	7.57		IC50	CHEMBL	=	Lactobacillus casei	acid-fast
trimetrexate	2757	Dihydrofolate reductase	O30463	8.82		IC50	CHEMBL	=	Mycobacterium avium	gram-positive
trimetrexate	2757	Dihydrofolate reductase	B0BL08	8.15		IC50	CHEMBL	=	Escherichia coli	gram-negative
ubenimex	2787	Bacterial leucyl aminopeptidase	Q01693	8.8		Ki	CHEMBL	=	Vibrio proteolyticus	gram-negative
valdecoxib	2799	Carbonic anhydrase	Q50565	4.21		Ki	CHEMBL	=	Methanothermobacter thermautotrophicus (strain ATCC 29096 / DSM 1053 / JCM 10044 / NBRC 100330 / Delta H)	gram-positive
valdecoxib	2799	Probable transmembrane carbonic anhydrase (Carbonate dehydratase) (Carbonic dehydratase); Transmembrane carbonic anhydrase	P96878	5.11		Ki	CHEMBL	=	Mycobacterium tuberculosis (strain ATCC 25618 / H37Rv)	acid-fast
valdecoxib	2799	Beta-carbonic anhydrase 1	P9WPJ7	4.89		Ki	CHEMBL	=	Mycobacterium tuberculosis (strain ATCC 25618 / H37Rv)	acid-fast
valdecoxib	2799	Carbonic anhydrase 2	P9WPJ9	6.17		Ki	CHEMBL	=	Mycobacterium tuberculosis (strain ATCC 25618 / H37Rv)	acid-fast
valdecoxib	2799	Carbonic anhydrase, alpha family	Q31FD6	6.28		Ki	CHEMBL	=	Hydrogenovibrio crunogenus (strain XCL-2)	gram-negative
valdecoxib	2799	Carbonate dehydratase	B2V8E3	8.28		Ki	CHEMBL	=	Sulfurihydrogenibium sp. (strain YO3AOP1)	gram-negative
vancomycin	2807	D-alanyl-D-alanine dipeptidase	Q06241	4.21		Ki	CHEMBL	=	Enterococcus faecium	gram-positive
vancomycin	2807	UDP-N-acetylglucosamine--N-acetylmuramyl-(pentapeptide) pyrophosphoryl-undecaprenol N-acetylglucosamine transferase	P17443	5.0		IC50	CHEMBL	=	Escherichia coli (strain K12)	gram-negative
voriconazole	2846	Lanosterol 14-alpha demethylase	P9WPP9	5.844		MIC	WOMBAT-PK	=	Mycobacterium tuberculosis (strain ATCC 25618 / H37Rv)	acid-fast
zidovudine	2861	Thymidylate kinase	P9WKE1	4.55		Ki	CHEMBL	=	Mycobacterium tuberculosis (strain ATCC 25618 / H37Rv)	acid-fast
zoledronic acid	2868	Farnesyl diphosphate synthase	P22939	5.96		IC50	CHEMBL	=	Escherichia coli (strain K12)	gram-negative
zonisamide	2872	Carbonic anhydrase	O24855	6.66		Ki	CHEMBL	=	Helicobacter pylori (strain ATCC 700392 / 26695)	gram-negative
zonisamide	2872	Probable transmembrane carbonic anhydrase (Carbonate dehydratase) (Carbonic dehydratase); Transmembrane carbonic anhydrase	P96878	6.68		Ki	CHEMBL	=	Mycobacterium tuberculosis (strain ATCC 25618 / H37Rv)	acid-fast
zonisamide	2872	Beta-carbonic anhydrase 1	P9WPJ7	4.54		Ki	CHEMBL	=	Mycobacterium tuberculosis (strain ATCC 25618 / H37Rv)	acid-fast
zonisamide	2872	Carbonic anhydrase 2	P9WPJ9	6.06		Ki	CHEMBL	=	Mycobacterium tuberculosis (strain ATCC 25618 / H37Rv)	acid-fast
zonisamide	2872	Carbonic anhydrase, alpha family	Q31FD6	6.39		Ki	CHEMBL	=	Hydrogenovibrio crunogenus (strain XCL-2)	gram-negative
zonisamide	2872	Carbonate dehydratase	B2V8E3	6.85		Ki	CHEMBL	=	Sulfurihydrogenibium sp. (strain YO3AOP1)	gram-negative
broxuridine	3042	Thymidylate kinase	P9WKE1	5.3		Ki	CHEMBL	=	Mycobacterium tuberculosis (strain ATCC 25618 / H37Rv)	acid-fast
chlorquinaldol	3095	Botulinum neurotoxin type A	P10845	5.0		IC50	CHEMBL	=	Clostridium botulinum	gram-positive
oxyquinoline	3290	Bacterial leucyl aminopeptidase	Q01693	6.8		Ki	CHEMBL	=	Vibrio proteolyticus	gram-negative
methionine	3347	S-ribosylhomocysteine lyase	O34667	4.21		Ki	CHEMBL	=	Bacillus subtilis (strain 168)	gram-positive
quercetin	3514	Beta-lactamase	P00811	5.4		IC50	CHEMBL	=	Escherichia coli (strain K12)	gram-negative
quercetin	3514	Beta-lactamase	P05364	4.07		IC50	CHEMBL	=	Enterobacter cloacae	gram-negative
quercetin	3514	Enoyl-[acyl-carrier-protein] reductase [NADH] FabI	P0AEK4	4.7		IC50	CHEMBL	=	Escherichia coli (strain K12)	gram-negative
quercetin	3514	Sialidase	P10481	5.77		IC50	CHEMBL	=	Clostridium perfringens	gram-positive
quercetin	3514	Malate dehydrogenase	P10584	5.22		IC50	CHEMBL	=	Thermus thermophilus	gram-negative
quercetin	3514	D-alanine--D-alanine ligase	Q1CTD3	5.37		Ki	CHEMBL	=	Helicobacter pylori (strain HPAG1)	gram-negative
quercetin	3514	D-alanylalanine synthetase	P07862	4.7		IC50	CHEMBL	=	Escherichia coli (strain K12)	gram-negative
quercetin	3514	Beta-lactamase	P05364	4.07		IC50	CHEMBL	=	Enterobacter cloacae	gram-negative
rutoside	3535	Sialidase	P10481	4.51		IC50	CHEMBL	=	Clostridium perfringens	gram-positive
thiram	3601	Bifunctional protein GlmU	P9WMN3	4.05		IC50	CHEMBL	=	Mycobacterium tuberculosis (strain ATCC 25618 / H37Rv)	acid-fast
triclocarban	3630	Epoxide hydrolase; Epoxide hydrolase EphB	P95276	6.66		IC50	CHEMBL	=	Mycobacterium tuberculosis (strain CDC 1551 / Oshkosh)	acid-fast
triclosan	3631	Enoyl-[acyl-carrier-protein] reductase [NADH]	P9WGR1	6.7		Ki	CHEMBL	=	Mycobacterium tuberculosis (strain ATCC 25618 / H37Rv)	acid-fast
triclosan	3631	Enoyl-[acyl-carrier-protein] reductase [NADPH] FabI	Q6GI75	7.15		IC50	CHEMBL	=	Staphylococcus aureus (strain MRSA252)	gram-positive
triclosan	3631	Enoyl-[acyl-carrier-protein] reductase [NADH] FabI	P0AEK4	6.37		IC50	CHEMBL	=	Escherichia coli (strain K12)	gram-negative
triclosan	3631	Enoyl-[acyl-carrier-protein] reductase [NADH] FabI	P54616	6.3		IC50	CHEMBL	=	Bacillus subtilis (strain 168)	gram-positive
triclosan	3631	Enoyl-[acyl-carrier-protein] reductase [NADPH]	Q9RMI3	7.23		IC50	CHEMBL	=	Staphylococcus aureus	gram-positive
triclosan	3631	Enoyl-[acyl-carrier-protein] reductase [NULLDH]	M9TGV3	6.7		Ki	CHEMBL	=	Mycobacterium tuberculosis	acid-fast
vildagliptin	3642	Dipeptidyl peptidase IV	O31048	7.77		Ki	CHEMBL	=	Porphyromonas gingivalis	gram-negative
kojic acid	3977	Tyrosinase	B2ZB02	4.28		IC50	CHEMBL	=	Bacillus megaterium	gram-positive
minodronic acid	4074	Farnesyl diphosphate synthase	P22939	5.96		IC50	CHEMBL	=	Escherichia coli (strain K12)	gram-negative
linagliptin	4175	Dipeptidyl peptidase IV	O31048	5.0		IC50	CHEMBL	=	Porphyromonas gingivalis	gram-negative
neomycin	4247	Lethal factor	P15917	6.3		Ki	CHEMBL	=	Bacillus anthracis	gram-positive
phenol	4266	Probable transmembrane carbonic anhydrase (Carbonate dehydratase) (Carbonic dehydratase); Transmembrane carbonic anhydrase	P96878	4.1		Ki	CHEMBL	=	Mycobacterium tuberculosis (strain ATCC 25618 / H37Rv)	acid-fast
phenol	4266	Beta-carbonic anhydrase 1	P9WPJ7	4.19		Ki	CHEMBL	=	Mycobacterium tuberculosis (strain ATCC 25618 / H37Rv)	acid-fast
benzathine benzylpenicillin	4347	Beta-lactamase TEM	P62593	4.7		Ki	CHEMBL	=	Escherichia coli	gram-negative
ceftobiprole medocaril	4402	MecA	Q7DHH4	5.49		IC50	CHEMBL	=	Staphylococcus aureus	gram-positive
fenbendazole	4536	Beta-lactamase 1	P10424	5.222		IC50	DRUG MATRIX	=	Bacillus cereus	gram-positive
iclaprim	4573	Dihydrofolate reductase	B0BL08	8.15		IC50	CHEMBL	=	Escherichia coli	gram-negative
iclaprim	4573	Dihydrofolate reductase	P0A017	10.1		Ki	CHEMBL	=	Staphylococcus aureus	gram-positive
rose bengal	4637	Beta-lactamase	P00811	6.33		IC50	CHEMBL	=	Escherichia coli (strain K12)	gram-negative
rose bengal	4637	Protein translocase subunit SecA 1	O06446	6.3		IC50	CHEMBL	=	Staphylococcus aureus	gram-positive
rose bengal	4637	Protein translocase subunit SecA 2	Q2FUW6	5.7		IC50	CHEMBL	=	Staphylococcus aureus	gram-positive
thioctic acid	4732	Bifunctional protein GlmU	P9WMN3	5.41		IC50	CHEMBL	=	Mycobacterium tuberculosis (strain ATCC 25618 / H37Rv)	acid-fast
thiomersal	4733	Beta-lactamase	Q932Y6	4.77		IC50	CHEMBL	=	Pseudomonas aeruginosa	gram-negative
bedaquiline	4741	ATP synthase subunit c	Q5TIX5	8.6		IC50	CHEMBL	=	Mycobacterium smegmatis	acid-fast
peramivir	4823	Sialidase	P10481	4.4		IC50	CHEMBL	=	Clostridium perfringens	gram-positive
tipiracil	4893	Thymidine phosphorylase	P07650	7.7		IC50	CHEMBL	=	Escherichia coli (strain K12)	gram-negative
avibactam	4946	Penicillin-binding protein 2	P0AD65	6.23		IC50	CHEMBL	=	Escherichia coli (strain K12)	gram-negative
avibactam	4946	Penicillin-binding protein 2	P0AD65	6.23		IC50	CHEMBL	=	Escherichia coli (strain K12)	gram-negative
migalastat	5110	Beta-galactosidase	Q8VNN2	4.89		Ki	CHEMBL	=	Escherichia coli	gram-negative
relebactam	5342	Beta-lactamase	Q8RL90	6.33		IC50	CHEMBL	=	Pseudomonas aeruginosa	gram-negative
relebactam	5342	Beta-lactamase	Q2PUH3	6.4		IC50	SCIENTIFIC LITERATURE	=	Klebsiella pneumoniae	gram-negative
relebactam	5342	Beta-lactamase	Q9X5A7	6.33		IC50	SCIENTIFIC LITERATURE	=	Stenotrophomonas maltophilia	gram-negative
relebactam	5342	Beta-lactamase	Q93LQ9	6.64		IC50	SCIENTIFIC LITERATURE	=	Klebsiella pneumoniae	gram-negative
relebactam	5342	Beta-lactamase	Q93DC4	6.59		IC50	SCIENTIFIC LITERATURE	=	Klebsiella pneumoniae	gram-negative
relebactam	5342	Beta-lactamase	B1PL86	6.04		IC50	SCIENTIFIC LITERATURE	=	Klebsiella pneumoniae	gram-negative
cefiderocol	5352	Peptidoglycan synthase FtsI	P0AD68	7.4		IC50	SCIENTIFIC LITERATURE	=	Escherichia coli (strain K12)	gram-negative
cefiderocol	5352	Penicillin-binding protein 1A	Q07806	6.07		IC50	SCIENTIFIC LITERATURE	=	Pseudomonas aeruginosa (strain ATCC 15692 / PAO1 / 1C / PRS 101 / LMG 12228)	gram-negative
cefiderocol	5352	Penicillin-binding protein 1A	P02918	5.48		IC50	SCIENTIFIC LITERATURE	=	Escherichia coli (strain K12)	gram-negative
cefiderocol	5352	Penicillin-binding protein 1B	P02919	5.47		IC50	SCIENTIFIC LITERATURE	=	Escherichia coli (strain K12)	gram-negative
cefiderocol	5352	Penicillin-binding protein 1A	G1C775	5.98		IC50	SCIENTIFIC LITERATURE	=	Acinetobacter baumannii	gram-negative
cefiderocol	5352	Penicillin-binding protein 1B	A6T4V3	5.46		IC50	SCIENTIFIC LITERATURE	=	Klebsiella pneumoniae subsp. pneumoniae (strain ATCC 700721 / MGH 78578)	gram-negative
cefiderocol	5352	Peptidoglycan D,D-transpeptidase MrdA	H4I819	5.66		IC50	SCIENTIFIC LITERATURE	=	Escherichia coli DEC1B	gram-negative
cefiderocol	5352	Peptidoglycan D,D-transpeptidase MrdA	A0A0W8ASI8	7.2		IC50	SCIENTIFIC LITERATURE	=	Klebsiella pneumoniae	gram-negative
cefiderocol	5352	Peptidoglycan D,D-transpeptidase FtsI	A6T4M7	7.21		IC50	SCIENTIFIC LITERATURE	=	Klebsiella pneumoniae subsp. pneumoniae (strain ATCC 700721 / MGH 78578)	gram-negative
cefiderocol	5352	Peptidoglycan D,D-transpeptidase FtsI	G3XD46	7.22		IC50	SCIENTIFIC LITERATURE	=	Pseudomonas aeruginosa (strain ATCC 15692 / DSM 22644 / CIP 104116 / JCM 14847 / LMG 12228 / 1C / PRS 101 / PAO1)	gram-negative
cefiderocol	5352	Peptidoglycan D,D-transpeptidase FtsI	D0CCM7	6.17		IC50	SCIENTIFIC LITERATURE	=	Acinetobacter baumannii (strain ATCC 19606 / DSM 30007 / CIP 70.34 / JCM 6841 / NBRC 109757 / NCIMB 12457 / NCTC 12156 / 81)	gram-negative
cefiderocol	5352	Penicillin-binding protein 4	A0A5E6DR09	5.44		IC50	SCIENTIFIC LITERATURE	=	Klebsiella pneumoniae	gram-negative
