compound_smiles	compound_source	compound_inchikey	gram-positive	gram-negative	fungi	acid-fast
[H]N1C(N([H])C(OC)C(C(OC)=O)(F)C1=O)=O	coadd_03_01-02-2020	CMZYDQKKDNXWKW-UHFFFAOYSA-N	5.0			
c1c(c(cc(Cl)c1)sc2S[H])n2	coadd_03_01-02-2020	CLHLOHAQAADLRA-UHFFFAOYSA-N			5.0	
n1ccc2c(c1)c(C)c(c3c(cccc3)n4[H])c4c2C	coadd_03_01-02-2020	CTSPAMFJBXKSOY-UHFFFAOYSA-N	5.0		5.0	
O1C=CC(OC)[C@@H](C)[C@@H](OC(C)=O)[C@H](C)[C@H](O)[C@H](C)C(O)[C@@H](C)C=CC=C(C)/C(Nc(cc(O)c(c(C(=O)[C@@]12C)c(c3C)O2)c4c3O)c4O)=O.[Na+]	coadd_03_01-02-2020	YVOFSHPIJOYKSH-FGLXEVKCSA-N	7.0			
O1C(C)C(C)C(O)C(C)C=CC=CCCC=CC=CC=CC=CC(CC(C(C(=O)O)C2O)OC(CC(O)C(O)CCC(O)CC(O)CC(O)CC1=O)C2)OC3C(O)C(N)C(O)C(C)O3	coadd_03_01-02-2020	ZYYCHNFSUYYLTP-UHFFFAOYSA-N			5.0	
O1C(C(CC)C(=O)C(C)C(O)C(C)CCc(c(C(O)=O)c(O)c(C)c2)c2)C(C)CC1(CC)C3CCC(CC)(O)C(C)O3	coadd_03_01-02-2020	BBMULGJBVDDDNI-UHFFFAOYSA-N	7.0			
c1ccc(C(=O)C2=C(C(C)OC(CC(O)=O)C2)C3=O)c3c1O	coadd_03_01-02-2020	ZCJHPTKRISJQTN-UHFFFAOYSA-N	7.0		6.0	
n1ccsc1N=Nc2c3c(cccc3)ccc2O	coadd_03_01-02-2020	IOMXCGDXEUDZAK-UHFFFAOYSA-N			5.5	
c1c(O)c(c2c3c(c(O)c(C(=O)C(C)C(C)O4)c4c3)c(O)cc2O)c5c(c(O)c6c(OC(C)C(C)C6=O)c5)c1O	coadd_03_01-02-2020	RHNVLFNWDGWACV-UHFFFAOYSA-N	5.0			
c1(O)ccc(n([H])c(c(C)c(cc[n+](CCN2CCCCC2)c3)c3c4C)c45)c5c1.[O-]C(C)=O	coadd_03_01-02-2020	KCZFREYKTLNWQR-UHFFFAOYSA-N			5.0	
c1c(c(ccc2)ccc1Sc(ccc(nc(N)n3)c4c3N)c4)c2.c1c(c(ccc2)ccc1Sc(ccc(nc(N)n3)c4c3N)c4)c2.CCO	coadd_03_01-02-2020	VIZHKHJAJATXSR-UHFFFAOYSA-N	7.0	5.0		
c1c2c(ccc1)n([H])c(N=C(/NC3=O)c4c3cccc4)n2	coadd_03_01-02-2020	JDYGVUGEKCJOSG-UHFFFAOYSA-N			5.0	
C1CCC(=C(S[H])SN2C(N)(CCCC3)C3)C2=C1	coadd_03_01-02-2020	AQXILPRHZTYRIE-UHFFFAOYSA-N	5.0			
n1c(c(c(C=O)cc2)ccc1)c2O	coadd_03_01-02-2020	LIADJWREMDHKHQ-UHFFFAOYSA-N			6.0	
[Cl-].C(/c(ccc(N(CC)CC)c1)c1)(c(ccc(N(CC)CC)c2)c2)=C(/C=CC3=[N+](CC)/CC)C=C3	coadd_03_01-02-2020	JVICFMRAVNKDOE-UHFFFAOYSA-M			6.5	
c1cc(nccc2Nc3ccc(C(Nc4ccc(Nc5ccncc5)cc4)=O)cc3)c2cc1[N+](=O)[O-]	coadd_03_01-02-2020	KUBNLSZSAIOAMS-UHFFFAOYSA-N			6.0	
N1(C)C=CC(c(cc([N+](=O)[O-])c2)c1c2)=N/c(ccc3C(Nc(ccc(c4)N=C(/C=CN5C)C=C5)c4)=O)cc3	coadd_03_01-02-2020	SDVVSJQTYKFAFR-UHFFFAOYSA-N	5.0	5.0	5.0	
c1c(OC)c(c(cc(OC)c(c(O)ccc2C(C(O)C(C)(O)C3O)OC3C)c24)c4OC5=O)c5cc1C=C	coadd_03_01-02-2020	OMDANBMKOUVKAG-UHFFFAOYSA-N	7.0			
c1(OC(C(O)C(OC(c2[nH]c(C)cc2)=O)C(OC)C3(C)C)O3)c(Cl)c(OC(=O)C(NC(c4cc(CC=C(/C)C)c(O)cc4)=O)=C5O)c5cc1	coadd_03_01-02-2020	FJAQNRBDVKIIKK-UHFFFAOYSA-N	7.0	5.0		
C1(O)C(COS(N)(=O)=O)OC(n(cn2)c(ncnc3N)c23)C1O	coadd_03_01-02-2020	GNZLUJQJDPRUTD-UHFFFAOYSA-N	5.0			
c1cc(c(c(CCO)c([N+](=O)[O-])o2)c2cc3)c3cc1	coadd_03_01-02-2020	DMTZMRKTFPMXSU-UHFFFAOYSA-N	6.0	5.0		
N1(C(NN=C(C)/c2nccnc2)=S)CC(CCC3C1)CC3	coadd_03_01-02-2020	HCNCHPUSRLRNJS-UHFFFAOYSA-N			6.0	
Clc(ccc1)c(C=C/C(Nc(cc(c(N)cc2C)c(c3)n2)c3)=O)c1	coadd_03_01-02-2020	MLKVGBZASWPPOU-UHFFFAOYSA-N	5.0		5.0	
O=C1C(C(=O)c(c2)cccn2)Cc(cccc3)c13	coadd_03_01-02-2020	OIRQRFHZNILPAA-UHFFFAOYSA-N		5.0		
c1c(C=[N+](CCO)/[O-])oc([N+](=O)[O-])c1	coadd_03_01-02-2020	QSWZUVFMUIEHAG-UHFFFAOYSA-N		5.0		
c1c([N+](=O)[O-])sc(Sc(ncnc2)c2)n1	coadd_03_01-02-2020	SPNKLYOUOJJHBK-UHFFFAOYSA-N			5.0	
c1c([N+](=O)[O-])n(C)c(C=C(C2)/C(c3c2ccc(OCCN(C)C)c3)=O)n1.S(O)(=O)(O)=O	coadd_03_01-02-2020	QCDIRNSCHKOUIQ-UHFFFAOYSA-N	5.0			
N(=Nc1ccccn1)c(ccc(N(C)C)c2)c2	coadd_03_01-02-2020	IOJNPSPGHUEJAQ-UHFFFAOYSA-N			5.0	
O=C1c2c(C(C(=C1NCCc(cccc3)c3)Cl)=O)cccc2	coadd_03_01-02-2020	PNCKVMGGVODNEF-UHFFFAOYSA-N			6.0	
O=C1C(N)=C(C)C(C2=C1C(COC(N)=O)C(OC)(C3C(C4)N3C)N24)=O	coadd_03_01-02-2020	HRHKSTOGXBBQCB-UHFFFAOYSA-N	7.0	5.0		
c1cc2c(ccc(nc(N)n3)c2c3N)n1Cc4ccc(N)cc4.Cl.Cl	coadd_03_01-02-2020	UOORVXIQCDJQPV-UHFFFAOYSA-N	6.0	5.0		
[C@@H]1(O)[C@@]([C@@H](NC(=O)[C@](C)(N)[H])[C@@](C)(C(Cl)Cl)O2)(C(C2=O)=C(O)C[C@H]1O)[H]	coadd_03_01-02-2020	RBCHRRIVFAIGFI-RGBMRXMBSA-N	6.0	5.0		
N(C(=N/N=C(/C)C)c1c2ncn1[H])=CN2[H]	coadd_03_01-02-2020	XFVMXPHMLRAJJB-UHFFFAOYSA-N			5.5	
O1C(n2cc(C(N)=S)c(c(N)n3)c2nc3)C(O)C(O)C1CO	coadd_03_01-02-2020	XZOKDXWQSCIKCM-UHFFFAOYSA-N			5.0	
c1ccc(c(NC(c2ncccc2)=N)nc(c3ncccc3)c4)c4c1	coadd_03_01-02-2020	VZJMIYLTPATHJF-UHFFFAOYSA-N			5.0	
COc1cccc2C(=O)c3c(O)c4C[C@](O)(C[C@H](O[C@H]5C[C@H](N)[C@@H](O)[C@H](C)O5)c4c(O)c3C(=O)c12)C(=O)CO.Cl	coadd_03_01-02-2020	MWWSFMDVAYGXBV-FGBSZODSSA-N	5.0			
COc1c(N2C[C@@H]3CCCN[C@@H]3C2)c(F)cc2c1n(cc(C(O)=O)c2=O)C1CC1.Cl	coadd_03_01-02-2020	IDIIJJHBXUESQI-DFIJPDEKSA-N	7.0	6.0		
c1(C#N)c(C)c(C)c(nc1SCC(=O)Nc2cccc(c2)NC(C)=O)C	coadd_03_01-02-2020	HSQBQRHHPNPUDH-UHFFFAOYSA-N			5.0	
C(F)(F)(C(F)(F)COc1ccccc1\N=C\c(cc(Br)cc2[N+](=O)[O-])c2O)C(F)(F)C(F)F	coadd_03_01-02-2020	BCFQDVYQAAFTKJ-WBSLIQCRSA-N			4.0	
[N+](=O)([O-])c(ccc(c1\C=N/NC(=O)C(=O)NC(C)c2ccccc2)O)c1	coadd_03_01-02-2020	PIJRMMKIZJPCGS-ZDLGFXPLSA-N	5.0			
c1(ccc(\C=N\NC(=O)Cc2cccc(cccc3)c23)o1)[N+](=O)[O-]	coadd_03_01-02-2020	VMWLVFSXLIBHCC-WOJGMQOQSA-N	5.0			
CO[C@H]1C=CO[C@@]2(C)Oc3c(C2=O)c2c4nc5cc(C)ccn5c4c(NC(=O)C(C)=CC=C[C@H](C)[C@H](O)[C@@H](C)[C@@H](O)[C@@H](C)[C@H](OC(C)=O)[C@@H]1C)c(O)c2c(O)c3C	coadd_03_01-02-2020	NZCRJKRKKOLAOJ-IIBMFGDOSA-N	7.0	5.0		
Nc1nc(cs1)C(=N\O)\C(=O)N[C@H]1[C@H]2SCC(C=C)=C(N2C1=O)C(O)=O	coadd_03_01-02-2020	RTXOFQZKPXMALH-GHXIOONMSA-N	5.0	5.5		
CCCCc1oc2ccccc2c1C(=O)c1cc(I)c(OCCN(CC)CC)c(I)c1.Cl	coadd_03_01-02-2020	ITPDYQOUSLNIHG-UHFFFAOYSA-N			5.0	
CCCCCCNC(=O)n1cc(F)c(=O)[nH]c1=O	coadd_03_01-02-2020	AOCCBINRVIKJHY-UHFFFAOYSA-N	6.0		5.0	
N1(CC(O)=O)C(=O)c(cc2)c(c(ccc3[N+](=O)[O-])C1=O)c3c2[N+](=O)[O-]	coadd_03_01-02-2020	ATGWGQFHPJUXNE-UHFFFAOYSA-N	4.0			
N1(CNc2c(C)ccc(I)c2)C(=O)\C(\SC1=O)=C/c(cc3)ccc3C(OC)=O	coadd_03_01-02-2020	JRYIQPBHVPHOCH-RQZCQDPDSA-N			4.0	
C[C@@H]1O[C@H](C[C@H](N)[C@@H]1O)O[C@H]1C[C@@](O)(Cc2c(O)c3C(=O)c4ccccc4C(=O)c3c(O)c12)C(C)=O.Cl	coadd_03_01-02-2020	JVHPTYWUBOQMBP-RVFAQHLVSA-N	5.0			
c1cn(cn1)C(c1ccccc1)c1ccc(cc1)-c1ccccc1	coadd_03_01-02-2020	OCAPBUJLXMYKEJ-UHFFFAOYSA-N			5.0	
c1(NNC(C)=O)c(Cl)c(Cl)c(c(Cl)n1)C#N	coadd_03_01-02-2020	DUVOFWWPUJSLPQ-UHFFFAOYSA-N			6.0	
Oc1c(Cl)cc(Cl)c2cccnc12	coadd_03_01-02-2020	WDFKMLRRRCGAKS-UHFFFAOYSA-N			6.0	
CO[C@]1(NC(=O)Cc2cccs2)[C@H]2SCC(COC(N)=O)=C(N2C1=O)C([O-])=O.[Na+]	coadd_03_01-02-2020	GNWUOVJNSFPWDD-XMZRARIVSA-M		5.0		
S(NCCCC(NCCCCC)=O)(=O)(=O)c(cc1)ccc1[N+](=O)[O-]	coadd_03_01-02-2020	DIMGNFSJKQPGDY-UHFFFAOYSA-N	4.0			
CO[C@@H]1C[C@@H](CC[C@H]1O)\C=C(/C)[C@H]1OC(=O)[C@@H]2CCCCN2C(=O)C(=O)[C@]2(O)O[C@@H]([C@H](C[C@H]2C)OC)[C@H](C[C@@H](C)CC(C)=C[C@@H](CC=C)C(=O)C[C@H](O)[C@H]1C)OC	coadd_03_01-02-2020	QJJXYPPXXYFBGM-KVDYWLTISA-N			7.0	
CC(=O)N1CCN(CC1)c1ccc(OC[C@H]2CO[C@@](Cn3ccnc3)(O2)c2ccc(Cl)cc2Cl)cc1	coadd_03_01-02-2020	XMAYWYJOQHXEEK-OZXSUGGESA-N			6.5	
CCC(C)n1ncn(-c2ccc(cc2)N2CCN(CC2)c2ccc(OCC3COC(Cn4cncn4)(O3)c3ccc(Cl)cc3Cl)cc2)c1=O	coadd_03_01-02-2020	VHVPQPYKVGDNFY-UHFFFAOYSA-N			7.0	
C1(C#N)(C#N)C(c(cc2)ccc2C(C)C)C(C3)C(C(C#N)=C1N)=CCN3C.C(=O)O	coadd_03_01-02-2020	MTMPMVSDPHXDKE-UHFFFAOYSA-N	5.0			
N1(c2ccc(cn2)Br)C(=O)c3c(c(c4)C1=O)c(ccc3)c(c4[N+](=O)[O-])Br	coadd_03_01-02-2020	SNCKZANKFPEDGB-UHFFFAOYSA-N			5.0	
CCN(CC)C(=S)SSC(=S)N(CC)CC	coadd_03_01-02-2020	AUZONCFQVSMFAP-UHFFFAOYSA-N			5.5	
CC(C)n1c(\C=C\[C@@H](O)C[C@@H](O)CC(O)=O)c(-c2ccc(F)cc2)c2ccccc12	coadd_03_01-02-2020	FJLGEFLZQAZZCD-MCBHFWOFSA-N			5.0	
O=c1n([se]c2ccccc12)-c1ccccc1	coadd_03_01-02-2020	DYEFUKCXAQOFHX-UHFFFAOYSA-N			5.5	
CN(C)C1C2CC3C(O)c4c(Cl)ccc(O)c4C(O)=C3C(=O)C2(O)C(O)=C(C(N)=O)C1=O	coadd_03_01-02-2020	GUXHBMASAHGULD-UHFFFAOYSA-N	6.0	5.5		
COc1c(N2CCNC(C)C2)c(F)cc2c1n(cc(C(O)=O)c2=O)C1CC1	coadd_03_01-02-2020	XUBOMFCQGDBHNK-UHFFFAOYSA-N	7.0	6.0		
CC1COc2c(N3CCN(C)CC3)c(F)cc3c2n1cc(C(O)=O)c3=O	coadd_03_01-02-2020	GSDSWSVVBLHKDQ-UHFFFAOYSA-N	6.0	5.5		
Oc1c(Cl)cc(Cl)c(Cl)c1Cc1c(O)c(Cl)cc(Cl)c1Cl	coadd_03_01-02-2020	ACGUYXCXAPNIKK-UHFFFAOYSA-N	5.0			
CN(C)[C@H]1[C@@H]2C[C@@H]3Cc4c(ccc(O)c4C(O)=C3C(=O)[C@]2(O)C(O)=C(C(N)=O)C1=O)N(C)C.Cl	coadd_03_01-02-2020	WTJXVDPDEQKTCV-VQAITOIOSA-N	7.0	6.5		
[N+](=O)([O-])c1cccc(\C=N\NC(=O)Cc2cccc(cccc3)c23)c1O	coadd_03_01-02-2020	YYMMKHOCXONRNK-UDWIEESQSA-N	4.0			
C[C@H]1COc2c(N3CCN(C)CC3)c(F)cc3c2n1cc(C(O)=O)c3=O	coadd_03_01-02-2020	GSDSWSVVBLHKDQ-JTQLQIEISA-N	6.0	6.0		
Oc1ncc(F)c(O)n1	coadd_03_01-02-2020	GHASVSINZRGABV-UHFFFAOYSA-N	6.0		5.0	
COc1cccc2C(=O)c3c(O)c4C[C@](O)(C[C@H](O[C@H]5C[C@H](N)[C@H](O)[C@H](C)O5)c4c(O)c3C(=O)c12)C(=O)CO.Cl	coadd_03_01-02-2020	MWWSFMDVAYGXBV-RUELKSSGSA-N	5.0			
[N+](=O)([O-])c(ccc(c1\C=N\NC(CNC(=O)c2ccco2)=O)OC)c1	coadd_03_01-02-2020	UVGWPMLYXOLDBA-CAOOACKPSA-N	4.0			
OCC(NC(=O)C(Cl)Cl)C(O)c1ccc(cc1)[N+]([O-])=O	coadd_03_01-02-2020	WIIZWVCIJKGZOK-UHFFFAOYSA-N		5.0		
c1(O)c(I)cc(cc1I)\C=N\NC(CNC(=O)c2cccc(F)c2)=O	coadd_03_01-02-2020	BRWHIHAVDGENOD-QPSGOUHRSA-N	4.0			
COc1cc(C)c(Cc2cnc(N)nc2N)cc1OC	coadd_03_01-02-2020	KEEYRKYKLYARHO-UHFFFAOYSA-N	5.0	5.0		
CCN1CCN(CC1)c1cc2n(cc(C(O)=O)c(=O)c2cc1F)C1CC1	coadd_03_01-02-2020	SPFYMRJSYKOXGV-UHFFFAOYSA-N	7.0	6.5		
c1(ccc(\C=N\NC(COc(cc2)ccc2Cl)=O)o1)[N+](=O)[O-]	coadd_03_01-02-2020	FUMDNFGDSZVRGU-VIZOYTHASA-N	5.0			
c1(ccc(\C=N\NC(COc2c(C)cccc2C)=O)o1)[N+](=O)[O-]	coadd_03_01-02-2020	PLJIWGMSZKVXIK-LZYBPNLTSA-N	5.0			
Clc1ccc(CO\N=C(/Cn2ccnc2)c2ccc(Cl)cc2Cl)c(Cl)c1.O[N+](=O)[O-]	coadd_03_01-02-2020	WVNOAGNOIPTWPT-NDUABGMUSA-N			7.0	
CO[C@H]1\C=C\O[C@@]2(C)Oc3c(C2=O)c2c(c(O)c3C)c(O)c(NC(=O)\C(C)=C/C=C/[C@H](C)[C@H](O)[C@@H](C)[C@@H](O)[C@@H](C)[C@H](OC(C)=O)[C@@H]1C)c1=NC3(CCN(CC(C)C)CC3)N=c21	coadd_03_01-02-2020	AZFBLLCNOQPJGJ-VXTBVIBXSA-N	7.0	5.0		
CCN1CCN(C(=O)N[C@@H](C(=O)N[C@H]2[C@H]3SC(C)(C)[C@@H](N3C2=O)C([O-])=O)c2ccccc2)C(=O)C1=O.[Na+]	coadd_03_01-02-2020	WCMIIGXFCMNQDS-IDYPWDAWSA-M		5.0		
CON=C(C(=O)N[C@H]1[C@H]2SCC(COC(N)=O)=C(N2C1=O)C(O)=O)c1ccco1	coadd_03_01-02-2020	JFPVXVDWJQMJEE-QMTHXVAHSA-N	5.0	5.0		
COc1cc(Cc2cnc(N)nc2N)cc(OC)c1OC	coadd_03_01-02-2020	IEDVJHCEMCRBQM-UHFFFAOYSA-N	5.0	5.0		
Clc1ccc(COC(Cn2ccnc2)c2ccc(Cl)cc2Cl)c(Cl)c1.O[N+](=O)[O-]	coadd_03_01-02-2020	MCCACAIVAXEFAL-UHFFFAOYSA-N			6.5	
Clc1ccc(COC(Cn2ccnc2)c2ccc(Cl)cc2Cl)cc1.O[N+](=O)[O-]	coadd_03_01-02-2020	DDXORDQKGIZAME-UHFFFAOYSA-N			6.0	
Cc1onc(c1C(=O)N[C@H]1[C@H]2SC(C)(C)[C@@H](N2C1=O)C([O-])=O)-c1c(Cl)cccc1Cl.[Na+]	coadd_03_01-02-2020	GXOMMGAFBINOJY-SLINCCQESA-M	6.0			
CCc1nc(N)nc(N)c1-c1ccc(Cl)cc1	coadd_03_01-02-2020	WKSAUQYGYAYLPV-UHFFFAOYSA-N	5.0			
Cc1nc(nc(N2CCC(Cc3ccccc3)C2)c1Cl)c4ccccn4	coadd_03_01-02-2020	AULZAOYATYMWMK-UHFFFAOYSA-N			7.0	
Clc1ccc(s1)C(=O)Nc2oc(nn2)c3ccc(Cl)s3	coadd_03_01-02-2020	NJEDOEVDJDTSLL-UHFFFAOYSA-N	5.0			
CCc1nn(C)c(C(=O)NCc2ccc(Oc3ccc(C)cc3)cc2)c1Cl	coadd_03_01-02-2020	WPALTCMYPARVNV-UHFFFAOYSA-N			5.0	
CC1COC(Cn2cncn2)(O1)c3ccc(Oc4ccc(Cl)cc4)cc3Cl	coadd_03_01-02-2020	BQYJATMQXGBDHF-UHFFFAOYSA-N			6.0	
COc1ccc(OC)c(NCc2ccc3nc(N)nc(N)c3c2Cl)c1	coadd_03_01-02-2020	KEPKKUKRTDFXHZ-UHFFFAOYSA-N	6.0	6.0		
NC(=N)c1ccc(OCCCCCOc2ccc(cc2)C(=N)N)cc1.OCCS(=O)(O)=O.OCCS(=O)(O)=O	coadd_03_01-02-2020	YBVNFKZSMZGRAD-UHFFFAOYSA-N			7.0	
CCP(=[Au]S[C@H]1O[C@@H](COC(=O)C)[C@H](OC(=O)C)[C@@H](OC(=O)C)[C@@H]1OC(=O)C)(CC)CC	coadd_03_01-02-2020	AUJRCFUBUPVWSZ-PTNXSCMHSA-M	7.0			
COc1cc(NC(C)CCCN)c2ncccc2c1.P(O)(O)(=O)O.P(O)(O)(=O)O	coadd_03_01-02-2020	GJOHLWZHWQUKAU-UHFFFAOYSA-N	5.0			
NCCN(C(=O)c1ccc(Cl)cc1Cl)c2ccc(OCc3ccc(Cl)cc3)cc2	coadd_03_01-02-2020	KKZDZTJFDLFERF-UHFFFAOYSA-N	5.0			
COc1cccc(n1)c2nc3c(cccc3n2CC4CCCN4)N5CCCC5	coadd_03_01-02-2020	VOVBYBYEYGCZIL-UHFFFAOYSA-N	5.0			
CC(N(C)c1ncc2c(N)nc(N)nc2n1)c3cc(Cl)cc(Cl)c3	coadd_03_01-02-2020	UCTWSKPOBKSLHG-UHFFFAOYSA-N	5.0			
Clc1ccccc1C(c1ccccc1)(c1ccccc1)n1ccnc1	coadd_03_01-02-2020	VNFPBHJOKIVQEB-UHFFFAOYSA-N			6.5	
S1C(N(C)C)=NC(=Nc2cc(Cl)ccc2)S1.Br	coadd_03_01-02-2020	GYHPIJXFPKXVPT-UHFFFAOYSA-N			5.0	
O=C1C(O)=C(C)C(=CC=C([C@@]2(C)CC3)[C@@](C)(CC[C@](C)([C@]4(C5)[H])CC[C@]5(C(O)=O)C)[C@@]34C)C2=C1	coadd_03_01-02-2020	KQJSQWZMSAGSHN-JJWQIEBTSA-N	6.0			
O(C)C(C(O)=C1C2C=C(C)/C=C/C=C/C(N(C(c3ccccc3)CC=CCCC(O)CC1=O)[H])=O)C2	coadd_03_01-02-2020	PLQKHNPZPRTISL-VDSXAPKHSA-N	7.0		5.5	
O=C(C(C)=CC=C/C(C)C(O)C(C)C(O)C(C(=O)OC)C(O)C(C)C(O)C(C)(O)C=C(/C)C1=C(c(c(OC(C)=O)c(C)c2c3O)c3C4=O)C(=C4C)OCO1)N2[H]	coadd_03_01-02-2020	JDECNKBYILMOLE-UHFFFAOYSA-N	6.0			
O1c(cc(OC)c(OC)c2)c2[C@@]([C@@](C1)(O3)[H])(C(c(ccc(c4C[C@@]5(C(=C)C)[H])O5)c34)=O)[H]	coadd_03_01-02-2020	JUVIOZPCNVVQFO-HBGVWJBISA-N			5.0	
n1c(c2ccc(C(C(OC)=C3N)=O)c(C3=O)n2)c(N)c(c4ccc(OC)c(OC)c4O)c(C)c1C(O)=O	coadd_03_01-02-2020	PVYJZLYGTZKPJE-UHFFFAOYSA-N	7.0	5.0	6.5	
n1cnc(c(c(C#N)c2)c1N)n2C3C(O)C(O)C(CO)O3	coadd_03_01-02-2020	XOKJUSAYZUAMGJ-UHFFFAOYSA-N			7.0	
O=C(c(c(OC)ccc1)c1C2=O)c(c(O)c([C@H](C[C@](O)(C(C)=O)C3)OC4CC(N)C(O)C(C)O4)c3c5O)c25.Cl	coadd_03_01-02-2020	GUGHGUXZJWAIAS-CFCXLQPVSA-N	5.0			
C(C1OC(C(N([H])C(C(OC(C(N([H])C(C(OC(C(N([H])C(C(C)OC(=O)C(C(C)C)N([H])C(=O)C(C(C)C)OC(=O)C(C(C)C)N([H])C(=O)C(C)OC(=O)C(C(C)C)N([H])C1=O)=O)C(C)C)=O)C(C)C)=O)C(C)C)=O)C)=O)C(C)C)=O)(C)C	coadd_03_01-02-2020	FCFNRCROJUBPLU-UHFFFAOYSA-N			6.0	
CC12C(OC(CC(C=C/C(=CCC(O[H])C=C/C(/C)=CC1N([H])C(=O)C(=O)C)/C)O[H])C(C)C2=O)=O	coadd_03_01-02-2020	ATDILMLBOZKFGI-UHFFFAOYSA-N	5.0			
O=C(N([C@](O)(C[C@]1([C@@H](C)[C@@H]([C@]2(C)[C@H](CC(N3C)=O)OC(=O)[C@@](C)([H])N(C)C(C)=O)O2)[H])[C@H](OC)C=CC=C(/C)Cc4cc3c(c(OC)c4)Cl)[H])O1	coadd_03_01-02-2020	WKPWGQKGSOKKOO-OZCWVJQJSA-N			6.0	
c1c(C)c(OC(C(C(C(N[C@H](C(N[C@H](C(C)C)C(=O)N([C@H](C(=O)N(C)C2)C3)CC3)=O)[C@H](C)OC(=O)[C@@H](N(C)C2=O)C(C)C)=O)=C(N)C4=O)=N5)=C4C)c5c(C(N[C@H](C(N[C@H](C(C)C)C(=O)N([C@H](C(=O)N(C)C6)C7)CC7)=O)[C@H](C)OC(=O)[C@@H](N(C)C6=O)C(C)C)=O)c1	coadd_03_01-02-2020	RJURFGZVJUQBHK-GIUPLMLQSA-N	7.0			
O=C(c1c(c(oc1)C(C2=C3[C@H](OC(C)=O)C[C@@](C(=O)CC4)(C)[C@]24[H])=O)[C@]3(C)[C@H]5COC)O5	coadd_03_01-02-2020	QDLHCMPXEPAAMD-QAIWCSMKSA-N			5.5	
[C@@H]1(O)CC[C@@H](C[C@@H](C)[C@H]2OC([C@H]3N(C(C([C@]4(O)O[C@H](C[C@H](OC)C(C)=CC=CC=C[C@@H](C)C[C@@H](C)C(=O)[C@H](OC)[C@H](O)C(C)=C[C@@H](C)C(=O)C2)CC[C@H]4C)=O)=O)CCCC3)=O)C[C@H]1OC	coadd_03_01-02-2020	QFJCIRLUMZQUOT-GZKNZQCBSA-N			7.0	
N(C(C(NC(c1nc(C(NC2c3nc(C4C(c5nc(C(NC6C(C)O)=O)cs5)(NC(=O)C(C)NC(=O)C(=C)NC(=O)C(=C)NC(=O)C(C(C)C)NC(C(O)c(nc7C(=O)OC2C)c8c(C(O)C)c7)C=C8)CCC(c9nc(C(NC(=C)C(NC(=C)C(N)=O)=O)=O)cs9)=N4)cs3)=O)cs1)C(O)(C)C(O)C)=O)C%10)=C(C(NC6=O)=CC)S%10	coadd_03_01-02-2020	AKFVOKPQHFBYCA-UHFFFAOYSA-N	7.0			
CC1CC(OC12C(C(CC(CC3CCC(C)C(C(C)C(O[H])=O)O3)O2)OC)C)(C4CCC(C5C(CC(C6C(CC(C)C(O[H])(CO[H])O6)C)O5)C)(C)O4)C	coadd_03_01-02-2020	DANUORFCFTYTSZ-UHFFFAOYSA-N	7.0		5.0	
c1(C)occ(C([H])=C(C(=C(C(=C([C@]([H])([C@@]([H])([C@]2([H])OC(=O)[C@@]([H])(O3)[C@@]3([H])C[C@]([H])(CC(=O)O4)C[C@@]4([H])[C@]([H])(C)C=C[C@]([H])(O5)[C@@]5(C)[C@]([H])(O)C2)C)OC)/C)[H])[H])[H])/C)n1	coadd_03_01-02-2020	OWPCHSCAPHNHAV-YBWQPXNBSA-N			6.0	
C1=CC(=O)C2=C(C3C(C(C(C(C)CO3)CC4)C4C5)C(C5C(=O)O6)C26)C1=O	coadd_03_01-02-2020	SBDBJWBHRZQCQD-UHFFFAOYSA-N			5.5	
CC(N([H])C(=O)C1N([H])C(=O)c2nc(c(nc2)cc3)cc3)C(=O)N(C(C(=O)N(C(C(C)C)C(OC4)=O)C)CSC(SC)C(N(C(=O)C(N([H])C(=O)C4N([H])C(=O)c5nc(c(nc5)cc6)cc6)C)C)C(=O)N(C(C(C)C)C(OC1)=O)C)C	coadd_03_01-02-2020	AUJXLBOHYWTPFV-UHFFFAOYSA-N	7.0	6.0	6.0	
n1c(c(ccc1)c([N+](=O)[O-])cc2[N+](=O)[O-])c2O	coadd_03_01-02-2020	YPEUTQKEMPFPKO-UHFFFAOYSA-N			5.0	
Fc(cc1[N+](=O)[O-])c(ccc2)c(c1O)n2	coadd_03_01-02-2020	WJOHCSADJQUMCX-UHFFFAOYSA-N			5.0	
O=C1C=CC(=CC=C1OC(=O)C(C)=C)N=Nc(ccc(C)c2)c2	coadd_03_01-02-2020	MRYNEXGYUVXVKV-UHFFFAOYSA-N			5.0	
n1c2c(c(N3CCN(C)CC3)ccc2[N+](=O)[O-])[n+]([O-])o1	coadd_03_01-02-2020	MWFZDJLPWDCQIL-UHFFFAOYSA-N	6.0			
c1cc(Sc2c(non3)c3c([N+](=O)[O-])cc2)[n+]([O-])cc1	coadd_03_01-02-2020	ICCFXXDUYSPKOL-UHFFFAOYSA-N			5.5	
C1(C)=C(N)C(=O)C2=C(N(C[C@]([H])(N3)[C@]34[H])[C@@]4(OC)[C@@H]2COC(N)=O)C1=O	coadd_03_01-02-2020	NWIBSHFKIJFRCO-WUDYKRTCSA-N	7.0	5.0		
C(F)(F)(C(F)(F)COc1ccccc1\N=C\c(cc(Cl)cc2Cl)c2O)C(F)(F)C(F)F	coadd_03_01-02-2020	FIBZURAGUBBPQB-HBRQFSJYSA-N			4.0	
CN1CCN(CC1)c1c(F)cc2c3c1SCCn3cc(C(O)=O)c2=O.Cl	coadd_03_01-02-2020	LPQOADBMXVRBNX-UHFFFAOYSA-N	6.0	5.5		
CCOc1ccc2ccccc2c1C(=O)N[C@H]1[C@H]2SC(C)(C)[C@@H](N2C1=O)C([O-])=O.[Na+]	coadd_03_01-02-2020	AYAPZOUDXCDGIF-FRFVDRIFSA-M	6.0			
Nc1ncn([C@@H]2O[C@H](CO)[C@@H](O)[C@H]2O)c(=O)n1	coadd_03_01-02-2020	NMUSYJAQQFHJEW-KVTDHHQDSA-N		5.0		
Cc1cn([C@H]2C[C@H](N=[N+]=[N-])[C@@H](CO)O2)c(=O)[nH]c1=O	coadd_03_01-02-2020	HBOMLICNUCNMMY-XLPZGREQSA-N		5.0		
C[C@H](O)[C@H](C)[C@@H]1O[C@H]1C[C@H]1CO[C@@H](C\C(C)=C\C(=O)OCCCCCCCCC(O)=O)[C@H](O)[C@@H]1O	coadd_03_01-02-2020	MINDHVHHQZYEEK-HBBNESRFSA-N	7.0		5.0	
Nc1nc(cs1)C(=N/OCC(O)=O)\C(=O)N[C@H]1[C@H]2SCC(C=C)=C(N2C1=O)C(O)=O.O.O.O	coadd_03_01-02-2020	IPYWNMVPZOAFOQ-XZVQIPOZSA-N		6.0		
NC1CCN(C1)c1nc2n(cc(C(O)=O)c(=O)c2cc1F)-c1ccc(F)cc1F.Cc1ccc(cc1)S(=O)(=O)O	coadd_03_01-02-2020	CSSQVOKOWWIUCX-UHFFFAOYSA-N	7.0	6.5		
COCc1c(nc(C(C)C)c(\C=C\[C@@H](O)C[C@@H](O)CC([O-])=O)c1-c1ccc(F)cc1)C(C)C.[Na+]	coadd_03_01-02-2020	GPUADMRJQVPIAS-QCVDVZFFSA-M			5.0	
CC[C@H]1OC(=O)[C@H](C)[C@@H](O[C@H]2C[C@@](C)(OC)[C@@H](O)[C@H](C)O2)[C@H](C)[C@@H](O[C@@H]2O[C@H](C)C[C@@H]([C@H]2O)N(C)C)[C@@](C)(C[C@@H](C)C(=O)[C@H](C)[C@@H](O)[C@]1(C)O)OC	coadd_03_01-02-2020	AGOYDEPGAOXOCK-KCBOHYOISA-N		5.0		
CC(=O)NC[C@H]1CN(C(=O)O1)c1ccc(N2CCOCC2)c(F)c1	coadd_03_01-02-2020	TYZROVQLWOKYKF-ZDUSSCGKSA-N	6.0			
CO[C@H]1\C=C\O[C@@]2(C)Oc3c(C2=O)c2c(O)c(C=NN4CCN(C)CC4)c(NC(=O)\C(C)=C/C=C/[C@H](C)[C@H](O)[C@@H](C)[C@@H](O)[C@@H](C)[C@H](OC(C)=O)[C@@H]1C)c(O)c2c(O)c3C	coadd_03_01-02-2020	JQXXHWHPUNPDRT-ZNQWNCHJSA-N	7.0	5.5		
OC(Cn1cncn1)(Cn1cncn1)c1ccc(F)cc1F	coadd_03_01-02-2020	RFHAOTPXVQNOHP-UHFFFAOYSA-N			6.0	
O[C@H](C[C@H](O)\C=C\c1c(nc2ccccc2c1-c1ccc(F)cc1)C1CC1)CC([O-])=O.O[C@H](C[C@H](O)\C=C\c1c(nc2ccccc2c1-c1ccc(F)cc1)C1CC1)CC([O-])=O.[Ca+2]	coadd_03_01-02-2020	RHGYHLPFVJEAOC-FFNUKLMVSA-L			5.5	
COc1cccc2C(=O)c3c(O)c4C[C@](O)(C[C@H](OC5CC(N)C(O)C(C)O5)c4c(O)c3C(=O)c12)C(C)=O.Cl	coadd_03_01-02-2020	GUGHGUXZJWAIAS-CFCXLQPVSA-N	5.0			
CO[C@H]1\C=C\O[C@@]2(C)Oc3c(C2=O)c2c(O)c(C=NN4CCN(CC4)C4CCCC4)c(NC(=O)\C(C)=C/C=C/[C@H](C)[C@H](O)[C@@H](C)[C@@H](O)[C@@H](C)[C@H](OC(C)=O)[C@@H]1C)c(O)c2c(O)c3C	coadd_03_01-02-2020	WDZCUPBHRAEYDL-LYDPARFQSA-N	7.0	5.0		
[N+](=O)([O-])c(ccc(c1\C=N\NC(CNC(=O)c2ccco2)=O)O)c1	coadd_03_01-02-2020	GWICSVBJFWFZFA-FRKPEAEDSA-N	5.0			
[C@@H]1(C[C@@H]2S(=O)\N=C\c(ccc([N+](=O)[O-])c3)c3)[C@@H](C1(C)C)C[C@H]2C	coadd_03_01-02-2020	HSWMBUFNLLMJDF-WBNLBLGXSA-N			4.0	
C(F)(F)(C(F)(F)COc(cc1)c(cc1C(F)(F)F)\N=C\c(cc(Br)cc2[N+](=O)[O-])c2O)C(F)(F)C(F)F	coadd_03_01-02-2020	WZAOCJQHGBXAAF-LNMUSBCZSA-N	4.0		5.0	
c(\C=N\NC(CNC(=O)c1ccc(cc1)Cl)=O)(cc(I)cc2I)c2O	coadd_03_01-02-2020	ZKQAEOCKHATMOM-QPSGOUHRSA-N			4.0	
N1(c2cccc(c2)C(O)=O)C(=O)c(c3)c(c(c4)C1=O)c(cc3[N+](=O)[O-])cc4[N+](=O)[O-]	coadd_03_01-02-2020	NIPZTHWSGKAQER-UHFFFAOYSA-N			4.0	
CC(=O)NC[C@H]1CN(C(=O)O1)c2ccc(N3CCSCC3)c(F)c2	coadd_03_01-02-2020	FNDDDNOJWPQCBZ-ZDUSSCGKSA-N	5.0	5.0		
C[C@@H]1[C@H]2[C@H](O)[C@H]3[C@H](N(C)C)C(=C(C(=O)N)C(=O)[C@@]3(O)C(=C2C(=O)c4c(O)cccc14)O)O.Cl	coadd_03_01-02-2020	RUYHIJHUVHIMIR-CVHRZJFOSA-N	7.0	6.5		
CN1CCN(CC1)C(c2cccs2)c3c(C)[nH]c4ccccc34	coadd_03_01-02-2020	ZXTDMEVOZZTVJO-UHFFFAOYSA-N			5.0	
CC(=O)NC[C@@H]1CN(C(=O)O1)c2ccc(N3CCOCC3)c(F)c2	coadd_03_01-02-2020	TYZROVQLWOKYKF-CYBMUJFWSA-N	6.0			
CC(=O)NCC1CN(C(=O)O1)c2ccc(c(F)c2)c3ccc(CNCc4cn[nH]n4)cc3.Cl	coadd_03_01-02-2020	UQKABVKLBIJYBI-UHFFFAOYSA-N	5.0			
CC(=O)NCC1CN(C(=O)O1)c2ccc(c(F)c2)c3ccc(CO)cc3	coadd_03_01-02-2020	XBISYWZDDQVGLM-UHFFFAOYSA-N	6.0			
NC(=N)Nc1ccc(c(Cl)c1)c2oc(cc2)c3ccc(NC(=N)N)cc3Cl.Cl.Cl	coadd_03_01-02-2020	VUWBCGMLQXSRAR-UHFFFAOYSA-N	6.0	5.0	6.0	
COc1ccc2nccc(NC(=O)C3CCN(CCc4ccc(Cl)cc4)CC3)c2n1	coadd_03_01-02-2020	LBEJUQWGEGOTNX-UHFFFAOYSA-N	6.0			
C[C@H]1COc2c(c(F)cc3c2n1cc(C(O)=O)c3=O)C1(N)CC1	coadd_03_01-02-2020	XAGMUUZPGZWTRP-ZETCQYMHSA-N	6.0	6.0		
CC[C@@H]([C@H](C)O)N1N=CN(C1=O)c2ccc(cc2)N3CCN(CC3)c4ccc(OC[C@@H]5CO[C@](Cn6cncn6)(C5)c7ccc(F)cc7F)cc4	coadd_03_01-02-2020	RAGOYPUPXAKGKH-XAKZXMRKSA-N			6.5	
CC(C)(C)C(O)C(Oc1ccc(cc1)c2ccccc2)n3cncn3	coadd_03_01-02-2020	VGPIBGGRCVEHQZ-UHFFFAOYSA-N			5.5	
CO\C=C(\C(=O)OC)/c1ccccc1Oc2cc(Oc3ccccc3C#N)ncn2	coadd_03_01-02-2020	WFDXOXNFNRHQEC-GHRIWEEISA-N			6.0	
NC(=N)Nc1ccc(cc1Cl)c2oc(cc2)c3ccc(N=C(N)N)c(Cl)c3.Cl.Cl	coadd_03_01-02-2020	UPHIMFKZPPZQPA-UHFFFAOYSA-N	5.0			
C[C@H]1COc2c(N3CCN(C)CC3)c(F)cc4C(=O)C(=CN1c24)C(=O)O	coadd_03_01-02-2020	GSDSWSVVBLHKDQ-JTQLQIEISA-N	6.0	6.0		
C1CCC(CC1)Nc2cc(nc(n2)c3ccccn3)C4CC4	coadd_03_01-02-2020	TVBQRAPNJPDSJM-UHFFFAOYSA-N	5.0			
c1ccn(c(N=O)c(c2cc([N+](=O)[O-])ccc2)n3)c3n1	coadd_03_01-02-2020	QPWJAIUKYMKWGA-UHFFFAOYSA-N	7.0		6.0	
OCC1OC(CC1O)n1cc(F)c(=O)[nH]c1=O	coadd_03_01-02-2020	ODKNJVUHOIMIIZ-UHFFFAOYSA-N	7.0	5.0		
CN(C)[C@H]1[C@@H]2[C@@H](O)[C@H]3C(=C(O)[C@]2(O)C(O)=C(C(N)=O)C1=O)C(=O)c1c(O)cccc1[C@@]3(C)O.Cl	coadd_03_01-02-2020	WNPLITIXMFABAF-IFLJXUKPSA-N	6.0	5.0		
CON=C(C(=O)NC1C2SCC(COC(C)=O)=C(N2C1=O)C([O-])=O)c1csc(N)n1.[Na+]	coadd_03_01-02-2020	AZZMGZXNTDTSME-UHFFFAOYSA-M		7.0		
Nc1nc(O)ncc1F	coadd_03_01-02-2020	XRECTZIEBJDKEO-UHFFFAOYSA-N			6.0	
CCn1cc(C(=O)O)c(=O)c2cc(F)c(cc12)N3CCN(C)CC3.CS(=O)(=O)O	coadd_03_01-02-2020	HQQSBEDKMRHYME-UHFFFAOYSA-N	6.0	5.5		
CC1C2C(O)C3C(N(C)C)C(=O)C(C(N)=O)=C(O)C3(O)C(O)=C2C(=O)c2c(O)cccc12	coadd_03_01-02-2020	YDUGFTMNXJLIFF-UHFFFAOYSA-N	6.0	6.5		
Clc1ccc(O)c(C(C(=C(O)[C@](O)(C(C(C(N)=O)=C(O)[C@]2(N(C)C)[H])=O)[C@]2(C3)[H])[C@]3([C@@]4(O)C)[H])=O)c14.Cl	coadd_03_01-02-2020	CBHYYLPALVVVEY-MRFRVZCGSA-N	6.0	5.5		
[C@@H]1(C[C@@H]2S\N=C\c3ncc[nH]3)[C@@H](C1(C)C)C[C@H]2C	coadd_03_01-02-2020	BOBIQHMQYIPRJI-FFVKYICWSA-N			4.0	
Oc1cc(Cl)ccc1Oc1ccc(Cl)cc1Cl	coadd_03_01-02-2020	XEFQLINVKFYRCS-UHFFFAOYSA-N	6.0			
FC(F)(F)c1cnc(Sc2oc(nn2)c3ccncc3)c(Cl)c1	coadd_03_01-02-2020	BQOMVBRKIWCRCU-UHFFFAOYSA-N	5.0			
CO[C@H]1\C=C\O[C@@]2(C)OC3=C(C2=O)C4=C(O)\C(=C/NN5CCN(C)CC5)\C(=N\C(=O)\C(=C/C=C\[C@H](C)[C@H](O)[C@@H](C)[C@@H](O)[C@@H](C)[C@H](OC(=O)C)[C@@H]1C)\C)\C(=C4C(=C3C)O)O	coadd_03_01-02-2020	QHOUDEZPFKDYIG-YGRULFCMSA-N	7.0	5.0		
C1(C(=O)N\N=C\c(ccc2[N+](=O)[O-])o2)CC1c3ccccc3	coadd_03_01-02-2020	IQWZDJURMNEOIO-CXUHLZMHSA-N	5.0			
C[C@@H](c1ncncc1F)[C@](O)(Cn1cncn1)c1ccc(F)cc1F	coadd_03_01-02-2020	BCEHBSKCWLPMDN-MGPLVRAMSA-N			6.5	
CC[C@H]1OC(=O)[C@H](C)[C@@H](O[C@H]2C[C@@](C)(OC)[C@@H](O)[C@H](C)O2)[C@H](C)[C@@H](O[C@@H]2O[C@H](C)C[C@@H]([C@H]2O)N(C)C)[C@](C)(O)C[C@@H](C)CN(C)[C@H](C)[C@@H](O)[C@]1(C)O	coadd_03_01-02-2020	MQTOSJVFKKJCRP-BICOPXKESA-N		5.0		
CCn1cc(C(O)=O)c(=O)c2cc(F)c(cc12)N1CCNCC1	coadd_03_01-02-2020	OGJPXUAPXNRGGI-UHFFFAOYSA-N	5.0	5.0		
[nH]1c(ccc(c2)Cl)c2cc1CNC([C@@H](C)N)=O	coadd_03_01-02-2020	RPCQHQZNPFUVHR-SSDOTTSWSA-N		4.0		
s1c(c2ccc(Cl)cc2)ccc1C(NCCN)=O	coadd_03_01-02-2020	RYNWSUVHVSKXTC-UHFFFAOYSA-N		4.0		
S(N)(=O)(=O)c1ccc(C(=O)Nc(cc2)ccc2OC)o1	coadd_03_01-02-2020	DNFFJEKROCCRAQ-UHFFFAOYSA-N		4.0		
c1(C(NCCc2[nH]cc(C)n2)=O)cc(n[nH]1)CCC	coadd_03_01-02-2020	NHTLNHHLXCTDMY-UHFFFAOYSA-N		4.0		
C(=O)(Nc(ccc(c1Cl)C)c1)N(CCC2C(NC)=O)C2	coadd_03_01-02-2020	PTUMKQGKMZBQBK-UHFFFAOYSA-N		4.0		
C(=O)(NC(C1)CCN1)c2ccccc2OCCC	coadd_03_01-02-2020	MQFXMZURTRLSMB-UHFFFAOYSA-N		5.0		
n1c(SCC(=O)NCC(C)C)n[nH]c1c2ccccn2	coadd_03_01-02-2020	SGUFWGLDAAZGDE-UHFFFAOYSA-N		4.0		
[C@]1(C)(N)C[C@H]1c2ccccc2	coadd_03_01-02-2020	MHQDTOHVMGQLTE-VHSXEESVSA-N		4.0		
n1c(C)ncc(C)c1N	coadd_03_01-02-2020	UXKNAXNFIYFMIB-UHFFFAOYSA-N		4.0		
n1c(ccc(cccc2Cl)c12)C(=O)NC[C@H]3CCCN3	coadd_03_01-02-2020	YHHPZCIENBVQKJ-LLVKDONJSA-N		4.0		
n1c(CCOc2cccc(C)c2)noc1C(C3)CN3	coadd_03_01-02-2020	WBTUVYPUMUQSPD-UHFFFAOYSA-N		4.0		
c(C(C)=O)(sc(n1)NCCC)c1C	coadd_03_01-02-2020	BSUXDPUUXITJSM-UHFFFAOYSA-N		4.0		
n1(c2ccccc2)nnnc1I	coadd_03_01-02-2020	SJIXMBBQRZPUMK-UHFFFAOYSA-N		4.5		
c1(n(C)ncn1)NC(=O)c2ccc(cc2)C#N	coadd_03_01-02-2020	RIAQKEGQQXNHCU-UHFFFAOYSA-N		4.0		
c(c1)ccc(c1)c(c2)sc(NC(=O)CSCCO)n2	coadd_03_01-02-2020	PCEIPYSAQGKXOH-UHFFFAOYSA-N		4.0		
n1c(c2ccc(cc2)Br)c[nH]c1SCC(N)=O	coadd_03_01-02-2020	JXUAEPSSZKVZGY-UHFFFAOYSA-N		4.0		
n1c(CN)cccc1c2ccccn2	coadd_03_01-02-2020	RXLQTVLBAUBLET-UHFFFAOYSA-N		4.0		
C1(O)(CNCC1)c2ccc(C)cc2	coadd_03_01-02-2020	VIJOQUBTZLXSIM-UHFFFAOYSA-N		4.0		
n1c(c2ccccc2)nsc1NC(=O)NC(C)CO	coadd_03_01-02-2020	SPJKLARRCSNCHH-UHFFFAOYSA-N		4.0		
n1c(Cl)c(CN)sc1N(C)C	coadd_03_01-02-2020	CTXIEZZVVOESOR-UHFFFAOYSA-N		4.0		
c(cc(c(on1)n2)c1N)c2C	coadd_03_01-02-2020	LCHNQMGOJYXLSX-UHFFFAOYSA-N		4.0		
c1(ccoc1)C(=O)NCc(ccc(OCCOC)n2)c2	coadd_03_01-02-2020	CSSAEPKNBWKDGO-UHFFFAOYSA-N		4.0		
c1(cc(ccc1N2CCCCC2)F)NC(NCCO)=O	coadd_03_01-02-2020	VLXIHKQJPCMDML-UHFFFAOYSA-N		4.0		
ClC1=CC(=CC=C1)C2=C[C](=O)[N](C5=C2C=C([C@](N)(C3=CC=C(Cl)C=C3)C4=CN=C[N]4C)C=C5)C	coadd_03_01-02-2020	PLHJCIYEEKOWNM-HHHXNRCGSA-N	5.0			
ONC(=O)C1(CS(=O)(=O)c2ccc(Oc3ccc(Cl)cc3)cc2)CCOCC1	coadd_03_01-02-2020	ROSNVSQTEGHUKU-UHFFFAOYSA-N		5.0		
O=C1C=C(c2ccccc2)S(=O)(=O)c3ccccc13	coadd_03_01-02-2020	FJAZFZVVYUKQSH-UHFFFAOYSA-N			5.0	
NC(=O)C([C@H]1CCCN(CCc2ccc3OCCc3c2)C1)(c4ccccc4)c5ccccc5	coadd_03_01-02-2020	LNGBIKCCEMPBEN-SANMLTNESA-N		5.0		
COc1cc(Cc2cnc(N)nc2N)c3C=CC(Oc3c1OC)C4CC4	coadd_03_01-02-2020	HWJPWWYTGBZDEG-UHFFFAOYSA-N	6.0	5.0		
FC2=C(N1CC(NCC1)C)C(=CC3=C2[N](C=C(C(=O)O)[C]3=O)CC)F.Cl	coadd_03_01-02-2020	KXEBLAPZMOQCKO-UHFFFAOYSA-N	5.0	5.5		
C[C@H]1CC[C@]2(NC1)O[C@H]3C[C@H]4[C@@H]5CC[C@H]6C[C@@H](O)CC[C@]6(C)[C@H]5CC[C@]4(C)[C@H]3[C@@H]2C.Cl	coadd_03_01-02-2020	SXXHVPYRDFJKPG-VXJLCZPPSA-N			5.0	
ClC1=C2C(=CC(=C1)Cl)CCC4=C(C2[N]3C=NC=C3)C=CC=C4.[N+](O)(=O)[O-]	coadd_03_01-02-2020	DPHMSVRBAXJSPF-UHFFFAOYSA-N	5.0	5.0	5.0	
CNCC(=O)OCC1=CC=CN=C1N(C)C(=O)OC(C)[N+]2=C[N](C[C@@](O)([C@@H](C)C3=NC(=CS3)C4=CC=C(C=C4)C#N)C5=C(F)C=CC(=C5)F)N=C2	coadd_03_01-02-2020	RSWOJTICKMKTER-QXLBVTBOSA-N			6.5	
FC1=C(C=CC(=C1)F)[C@](O)(C(F)(F)C3=NC=C(C2=CC=C(OCC(F)(F)F)C=C2)C=C3)C[N]4N=NN=C4	coadd_03_01-02-2020	IDUYJRXRDSPPRC-NRFANRHFSA-N			6.5	
ClC1=C(C=CC(=C1)Cl)C6(OC(COC5=CC=C(N4CCN(C3=CC=C([N]2[C](=O)[N](C(CC)C)N=C2)C=C3)CC4)C=C5)CO6)C[N]7N=CN=C7	coadd_03_01-02-2020	VHVPQPYKVGDNFY-UHFFFAOYSA-N			7.0	
BrC1=CC=C(O1)\C=C(/Br)[N](=O)=O	coadd_03_01-02-2020	MJPPGVVIDGQOQT-HWKANZROSA-N			5.0	
ClC1=C(C=CC(=C1)Cl)\C=C(/[N]2C=NC=C2)C(=O)C3=CC=C(Cl)C=C3	coadd_03_01-02-2020	NHUBNGBTNGRPMH-MFOYZWKCSA-N	5.0		5.0	
O=[C]1[N](O)C(=CC(=C1)C)C2CCCCC2	coadd_03_01-02-2020	SCKYRAXSEDYPSA-UHFFFAOYSA-N			5.0	
N(CC1=CC=CC2=CC=CC=C12)(CC3=CC=C(C(C)(C)C)C=C3)C.Cl	coadd_03_01-02-2020	LJBSAUIFGPSHCN-UHFFFAOYSA-N			5.0	
ClC1=C(C=CC(=C1)Cl)C4(OC(COC3=CC=C(N2CCN(C(=O)C)CC2)C=C3)CO4)C[N]5C=NC=C5	coadd_03_01-02-2020	XMAYWYJOQHXEEK-UHFFFAOYSA-N		5.0	6.0	
S1C(=NC(=C1)C2=CC=C(C#N)C=C2)[C@@H]([C@@](O)(C3=C(F)C=C(F)C=C3)C[N]4N=CN=C4)C	coadd_03_01-02-2020	OPAHEYNNJWPQPX-RCDICMHDSA-N			7.0	
O=C1N(C(=O)C3=C2C1=CC=CC2=CC=C3)CC4OC4	coadd_03_01-02-2020	TVMJTOKZNPCXOO-UHFFFAOYSA-N	5.0			
N=C(NC(=N)NCCCCCCNC(=N)NC(=N)NCC(CCCC)CC)NCC(CCCC)CC.Cl.Cl	coadd_03_01-02-2020	BRJJFBHTDVWTCJ-UHFFFAOYSA-N	7.0	5.0	6.5	
S(C2=CC1=C([NH]C(=N1)NC(=O)OC)C=C2)C3=CC=CC=C3	coadd_03_01-02-2020	HDDSHPAODJUKPD-UHFFFAOYSA-N			7.0	
FC1=C(C=CC(=C1)F)C(O)(C[N]2N=CN=C2)C[N]3N=CN=C3	coadd_03_01-02-2020	RFHAOTPXVQNOHP-UHFFFAOYSA-N			6.0	
ClC2=CC1=C(B(O)OC1)C=C2	coadd_03_01-02-2020	HMAFTPZYFJFEHK-UHFFFAOYSA-N			5.0	
N(CC1=CC=CC2=CC=CC=C12)(C\C=C\C#CC(C)(C)C)C.Cl	coadd_03_01-02-2020	BWMISRWJRUSYEX-SZKNIZGXSA-N			5.0	
S1C(=NC(=C1)C3=C(OC2=C(C=C(C)C=C2)C)C=CC=C3)NC4=NCCCN4	coadd_03_01-02-2020	TYBHXIFFPVFXQW-UHFFFAOYSA-N			7.0	
O2[C@H](CN(CC(CC1=CC=C(C(CC)(C)C)C=C1)C)C[C@H]2C)C.Cl	coadd_03_01-02-2020	XZKWIPVTHGWDCF-KUZYQSSXSA-N			6.0	
FC1=C(N=C(O)N=C1)N	coadd_03_01-02-2020	XRECTZIEBJDKEO-UHFFFAOYSA-N			6.0	
OB1OCc2c(F)c(Cl)ccc12	coadd_03_01-02-2020	RNRTXDQLRRSXNM-UHFFFAOYSA-N			5.0	
Clc1ccc([C@H]2CS\C(=C(\C#N)/n3ccnc3)\S2)c(Cl)c1	coadd_03_01-02-2020	YTAOBBFIOAEMLL-MNWMYKRDSA-N			6.5	
CC1=CC(=O)N(O)C(=C1)C	coadd_03_01-02-2020	QVWDCUMRWIBGJX-UHFFFAOYSA-N			5.0	
Clc1ccc(COC(Cn2ccnc2)c3ccc(Cl)cc3Cl)c(Cl)c1.Cl	coadd_03_01-02-2020	NKOGUVSBQCKFDQ-UHFFFAOYSA-N			6.5	
CC(C)(C)c1cccc(c1O)c2nc3cc(ccc3[nH]2)C(=N)N	coadd_03_01-02-2020	DICPPDRBLOSCQJ-UHFFFAOYSA-N	5.0			
CC1=C(C(=O)N[C@H]2[C@H]3SC(C)(C)[C@@H](N3C2=O)C(O)=O)C(=NO1)C4=C(Cl)C=CC=C4	coadd_03_01-02-2020	LQOLIRLGBULYKD-JKIFEVAISA-N	6.0			
O=C1C=CC2=C3N1CC(CN4CCC(CC4)NCc5cc6CCCOc6cn5)N3C(=O)C=N2	coadd_03_01-02-2020	PZFAZQUREQIODZ-UHFFFAOYSA-N	6.0	5.5		
O(C3=C(OC)C=C(NCC2=C(C1=C(N=C(N)N=C1C=C2)N)C)C=C3OC)C	coadd_03_01-02-2020	NOYPYLRCIDNJJB-UHFFFAOYSA-N	6.0	5.0		
O=C(OC)NCC1=CC=C(C2=CC(=NC=C12)NC(=O)NCC)C3=CC(=NC=C3)C	coadd_03_01-02-2020	ZQYNHBTULYYGMD-UHFFFAOYSA-N	7.0	6.0		
COc1cc(C)c2c(Oc3cccc(c3)C(F)(F)F)c(OC)cc(NC(C)CCCN)c2n1.C(O)(=O)CCC(O)=O	coadd_03_01-02-2020	CQBKFGJRAOXYIP-UHFFFAOYSA-N	5.0			
CC[C@H]1OC(=O)[C@H](C)[C@@H](O[C@H]2C[C@@](C)(OC)[C@@H](O)[C@H](C)O2)[C@H](C)[C@@H](O[C@@H]3O[C@H](C)C[C@@H]([C@H]3O)N(C)C)[C@](C)(O)C[C@@H](C)C(=O)[C@H](C)[C@@H](O)[C@]1(C)O	coadd_03_01-02-2020	ULGZDMOVFRHVEP-RWJQBGPGSA-N		5.0		
O=C(Nc1cccc(c1)C2=NCCN2)c3ccc(cc3)c4ccc(cc4)C(=O)Nc5cccc(c5)C6=NCCN6.CS(O)(=O)=O.CS(O)(=O)=O	coadd_03_01-02-2020	ZNNKTVCVOGUIJN-UHFFFAOYSA-N	6.0	5.5		
OB(O)CNS(=O)(=O)c1cc2c(Cl)ccc(Cl)c2s1	coadd_03_01-02-2020	ZRZPQNCNBISJFG-UHFFFAOYSA-N	5.0			
COc1ccc(NC(=O)CC2Sc3ncnn3C2=O)cc1	coadd_03_01-02-2020	KSYONHWIFPZGSJ-UHFFFAOYSA-N			5.0	
Cc1c(N)cccc1CN2C=CC(=CC2=O)OCCc3cccs3	coadd_03_01-02-2020	YCLREGRRHGLOAK-UHFFFAOYSA-N	6.0			
ClC3=C(OCC(O)C[N]1[C](=N)[N](CCN(CC)CC)C2=C1C=CC=C2)C=CC(=C3)Cl	coadd_03_01-02-2020	CPQPZEJHVYXXIM-UHFFFAOYSA-N		5.0		
CC(C)\N=C\1/C=C2N(c3ccc(Cl)cc3)c4ccccc4N=C2C=C1Nc5ccc(Cl)cc5	coadd_03_01-02-2020	WDQPAMHFFCXSNU-BGABXYSRSA-N	5.0			
COc1cc(Cc2cc(N)nc(N)n2)cc(OC)c1OC	coadd_03_01-02-2020	ZQMPUWBQWRAQIQ-UHFFFAOYSA-N	5.0	5.0		
CC(=CCC\C(=C\CNCCNC1C2CC3CC(CC1C3)C2)\C)C	coadd_03_01-02-2020	JFIBVDBTCDTBRH-REZTVBANSA-N		5.0		
NC[C@H]1O[C@H](O[C@@H]2[C@@H](N)C[C@@H](N)[C@H](O[C@H]3O[C@H](CO)[C@@H](O)[C@H](N)[C@H]3O)[C@H]2O)[C@H](N)C[C@@H]1O	coadd_03_01-02-2020	NLVFBUXFDBBNBW-PBSUHMDJSA-N		6.0		
CC1(C)[C@@H](N2[C@@H](CC2=O)S1(=O)=O)C(=O)O	coadd_03_01-02-2020	FKENQMMABCRJMK-RITPCOANSA-N		6.0		
CCc1cc(O)c(Oc2cccnc2N)cc1F	coadd_03_01-02-2020	MRIHADBFHMLZBI-UHFFFAOYSA-N	6.0	6.0		
CN1CCN(CC1)c2ccc3[nH]c(nc3c2)c4ccc5[nH]c(nc5c4)c6ccc(O)cc6	coadd_03_01-02-2020	INAAIJLSXJJHOZ-UHFFFAOYSA-N		5.0	5.5	
C[C@@H]1[C@H](O)CC[C@@]2(C)[C@H]1CC[C@@]3(C)[C@H]2[C@H](O)C[C@H]4\C(=C(/CCC=C(C)C)\C(=O)O)\[C@H](C[C@]34C)OC(=O)C	coadd_03_01-02-2020	IECPWNUMDGFDKC-MZJAQBGESA-N	7.0			
FC4=C(NC(=O)[C@H]2CC[C@@H](COC1=CC=C([N](=O)=O)C=C1)CC2)C(=C3[N](C=C([C](C3=C4)=O)C(=O)O)C5CC5)OC	coadd_03_01-02-2020	LUDYWEIXJWRJRZ-IYBDPMFKSA-N	5.0			
Nc1cc(nc2ccc(Nc3cc(nc(N)n3)c4ccccc4)cc12)c5ccc(F)cc5	coadd_03_01-02-2020	GETIJMWRUSBILT-UHFFFAOYSA-N	5.0		6.5	
CCc1nc(N)nc(N)c1C#CC(C)c2cc(OC)cc(c2)c3ccncc3	coadd_03_01-02-2020	KEPLBUUTAQCZOE-UHFFFAOYSA-N	6.0			
CN(Cc1oc2ccccc2c1C)C(=O)\C=C\c3cnc4NC(=O)C(C)(C)c4c3	coadd_03_01-02-2020	RVBSHRUYJYRNJW-MDZDMXLPSA-N	6.0			
CO[C@]1(NC(=O)Cc2cccs2)[C@H]3SCC(=C(N3C1=O)C(=O)O)COC(=O)N	coadd_03_01-02-2020	WZOZEZRFJCJXNZ-ZBFHGGJFSA-N		5.0		
Fc1ccc(cc1)C(=O)Nc2oc(nn2)c3ccccc3	coadd_03_01-02-2020	SDHXERNCEXPUIK-UHFFFAOYSA-N	5.0		5.0	
CN(C)[C@H]1[C@@H]2C[C@@H]3Cc4c(F)cc(NC(=O)CN5CCCC5)c(O)c4C(=C3C(=O)[C@]2(O)C(=C(C(=O)N)C1=O)O)O.Cl.Cl	coadd_03_01-02-2020	XIBSSTYDNTVAEU-RZVFYPHASA-N	7.0	6.0		
Oc1c(Br)cc(Br)cc1\C=C\2/NC(=S)NC2=O	coadd_03_01-02-2020	LZPGGHKJSQSUDE-UQCOIBPSSA-N		5.0		
NC[C@H]1OB(O)c2c(OCCCO)cccc12.Cl	coadd_03_01-02-2020	DADYQGIQOBJGIW-HNCPQSOCSA-N	5.0	6.0		
O=C(NC1=C[N](C)C(=C1)C(=O)NC2=C[N](C)C(=C2)C(=O)NCCN3CCOCC3)C6=CC=C(\C=C\C5=CC4=CC=CC=C4N=C5)C=C6	coadd_03_01-02-2020	OEKXCVYZBVOWBR-BQYQJAHWSA-N	6.0			
C[C@@H]1CC[C@@]23CCC(=O)[C@H]2[C@]1(C)[C@@H](C[C@@](C)(C=C)[C@@H](O)[C@@H]3C)OC(=O)CS[C@@H]4C[C@H]5CC[C@@H](C4)N5C	coadd_03_01-02-2020	STZYTFJPGGDRJD-NHUWBDDWSA-N	7.0	6.0		
CC1CCc2c(N3CCC(O)CC3)c(F)cc4C(=O)C(=CN1c24)C(=O)O	coadd_03_01-02-2020	JYJTVFIEFKZWCJ-UHFFFAOYSA-N	7.0	6.0		
N[C@@H]1CN(CC12CC2)c3c(F)cc4C(=O)C(=CN([C@@H]5C[C@@H]5F)c4c3Cl)C(=O)O	coadd_03_01-02-2020	PNUZDKCDAWUEGK-CYZMBNFOSA-N	7.0	6.0		
BrC1=C(Br)C(=O)NC1=O	coadd_03_01-02-2020	BIKSKRPHKQWJCW-UHFFFAOYSA-N			5.0	
FC(F)(F)C2=CC(=C(O[C@H]1CNCC1)C(=C2)NC(=O)CCCCNC(=N)N)NC(=O)C3=NC=NC(=C3)C(=O)NC5=C(O[C@H]4CNCC4)C(=CC(=C5)C(F)(F)F)NC(=O)CCCCNC(=N)N.OC(C(F)(F)F)=O.OC(C(F)(F)F)=O.OC(C(F)(F)F)=O.OC(C(F)(F)F)=O.OC(C(F)(F)F)=O.OC(C(F)(F)F)=O	coadd_03_01-02-2020	UMSQRHZFIGFIKL-WSCLNPDQSA-N	7.0	5.0	7.0	
O(C3=CC2=C1N(CCC1=C(N=C2C=C3)C)CCC4=CC=CC=C4)C5=CC=CC=C5	coadd_03_01-02-2020	XCZMUTGHJBFKPM-UHFFFAOYSA-N		5.0		
CCC[C@@H]1C[C@H](N(C)C1)C(=O)N[C@H]([C@H](C)Cl)[C@H]2O[C@H](SC)[C@H](O)[C@@H](O)[C@H]2O.Cl	coadd_03_01-02-2020	AUODDLQVRAJAJM-XJQDNNTCSA-N		5.0		
CCc1nc(N)nc(N)c1C#CCc2ccccc2	coadd_03_01-02-2020	LZRXPKDKRFTIGM-UHFFFAOYSA-N	5.0			
Oc1c(ccc2cccnc12)C(Nc3ccccn3)c4ccccc4	coadd_03_01-02-2020	WHPVVFZPXKODBB-UHFFFAOYSA-N			5.0	
Fc1c(Cl)c(NCc2ccccc2)c(C#N)c(F)c1C#N	coadd_03_01-02-2020	FJLRLRNXJLDEIR-UHFFFAOYSA-N	5.0			
CCc1cc(Cc2cnc(N)nc2N)cc3C(C)CCN(C)c13	coadd_03_01-02-2020	ROFHCHDLNGIYAX-UHFFFAOYSA-N	5.0			
Cc1cc(O)c2C(=O)c3c(O)c(I)c(O)c(I)c3C(=O)c2c1	coadd_03_01-02-2020	NRGWKXPKGOBGSH-UHFFFAOYSA-N	5.0			
COc1cc(Cc2cnc(N)nc2N)cc(CC=C)c1O	coadd_03_01-02-2020	MYPWSRSRUZNFDA-UHFFFAOYSA-N	6.0	5.0		
Brc1cc(Br)c2OCC[C@@H](NCCCNC3=CC(=O)c4sccc4N3)c2c1	coadd_03_01-02-2020	NNTYBKTXMKBRFA-CQSZACIVSA-N	7.0	5.0		
COc1c(F)c(F)cc2C(=O)C(=CN(C3CC3)c12)C(=O)O	coadd_03_01-02-2020	WQJZXSSAMGZVTM-UHFFFAOYSA-N	5.0	5.0		
CCC(C)NCC(O)Cn1c2ccc(Cl)cc2c3cc(Cl)ccc13	coadd_03_01-02-2020	CRSBMRJNJIXPFW-UHFFFAOYSA-N	5.0			
CCc1cc(O)c(Oc2ccc(cc2F)C(=O)N)cc1F	coadd_03_01-02-2020	QUHARGDBJJUOEB-UHFFFAOYSA-N	7.0	5.5		
BrC3=CC=C(NC(=O)CC2SC1=NC=N[N]1C2=O)C=C3	coadd_03_01-02-2020	QSVDRGTXPDNZQZ-UHFFFAOYSA-N			5.0	
ClC4=C(OCC(O)C[N]2[C](=N)[N](CCN1CCCCC1)C3=C2C=CC=C3)C=CC(=C4)Cl	coadd_03_01-02-2020	QMRFKZWWZBZQKJ-UHFFFAOYSA-N		5.0		
O=C2N4C(C(=O)OC(C(CC1CC(OC)C(OCCO)CC1)C)CC(=O)C(\C=C(\C(O)C(OC)C(=O)C(C)CC(/C=C/C=C/C=C(/C(CC3OC(C2=O)(O)C(CC3)C)OC)C)C)C)C)CCCC4	coadd_03_01-02-2020	HKVAMNSJSFKALM-PYJGUTGCSA-N			7.0	
ClC4=CC1=C([NH]C2=C1CCCC2NC(=O)C3=NC=CC=C3)C=C4	coadd_03_01-02-2020	WJQBOBGVBBZLJU-UHFFFAOYSA-N		5.0		
CC[N+]1(CCC(CC1)NC(=O)C2C3=C(OC4=C2C=C(Cl)C=C4)C=CC(=C3)Cl)C\C5=C\CCCCCC5.[I-]	coadd_03_01-02-2020	FOAFBMYSXIGAOX-LQGGPMKRSA-N	5.0			
FC3=C(N1CCN(C)CC1)C4=C2[N](C=C([C](C2=C3)=O)C(=O)O)[C@H](CO4)C	coadd_03_01-02-2020	GSDSWSVVBLHKDQ-JTQLQIEISA-N	6.0	6.0		
S=C(N\N=C\C1=NC=CC=C1N)N	coadd_03_01-02-2020	XMYKNCNAZKMVQN-NYYWCZLTSA-N		5.0		
